SELECT COUNT(*) FROM cast_info ci WHERE ci.person_id=172968;3
SELECT COUNT(*) FROM title t,movie_info mi WHERE t.id=mi.movie_id AND t.kind_id<3 AND t.production_year=2008 AND mi.info_type_id>2;409329
SELECT COUNT(*) FROM title t,cast_info ci WHERE t.id=ci.movie_id AND ci.person_id<3194645;34738293
SELECT COUNT(*) FROM title t,cast_info ci,movie_info mi WHERE t.id=ci.movie_id AND t.id=mi.movie_id AND ci.person_id=1742124 AND ci.role_id>2 AND mi.info_type_id<7;0
SELECT COUNT(*) FROM title t,cast_info ci,movie_info_idx mi_idx WHERE t.id=ci.movie_id AND t.id=mi_idx.movie_id AND t.kind_id=7 AND t.production_year>0 AND ci.role_id=2 AND mi_idx.info_type_id=101;1538201
SELECT COUNT(*) FROM title t,movie_companies mc WHERE t.id=mc.movie_id AND t.production_year<2000 AND mc.company_id=160 AND mc.company_type_id=2;15
SELECT COUNT(*) FROM title t,movie_companies mc,movie_info_idx mi_idx WHERE t.id=mc.movie_id AND t.id=mi_idx.movie_id AND mc.company_id<77942 AND mc.company_type_id>1;11719877
SELECT COUNT(*) FROM movie_keyword mk WHERE mk.keyword_id<71692;6815732
SELECT COUNT(*) FROM title t,cast_info ci,movie_info_idx mi_idx WHERE t.id=ci.movie_id AND t.id=mi_idx.movie_id AND ci.person_id>681261 AND ci.role_id>1 AND mi_idx.info_type_id=99;14082899
SELECT COUNT(*) FROM movie_companies mc WHERE mc.company_id<9749 AND mc.company_type_id>1;850082
SELECT COUNT(*) FROM title t,movie_companies mc,movie_keyword mk WHERE t.id=mc.movie_id AND t.id=mk.movie_id AND mc.company_id=43268 AND mk.keyword_id<2560;1
SELECT COUNT(*) FROM cast_info ci WHERE ci.person_id>1278953 AND ci.role_id<2;10609743
SELECT COUNT(*) FROM title t,movie_keyword mk WHERE t.id=mk.movie_id AND mk.keyword_id<1029;1081058
SELECT COUNT(*) FROM title t,movie_companies mc,movie_info mi WHERE t.id=mc.movie_id AND t.id=mi.movie_id AND t.kind_id<7 AND mc.company_id>83328 AND mi.info_type_id<8;5440080
SELECT COUNT(*) FROM title t,movie_companies mc,movie_info_idx mi_idx WHERE t.id=mc.movie_id AND t.id=mi_idx.movie_id AND t.kind_id=7 AND t.production_year=1994 AND mc.company_id>50785 AND mc.company_type_id>1;50618
SELECT COUNT(*) FROM movie_companies mc WHERE mc.company_id<80833 AND mc.company_type_id=1;2010175
SELECT COUNT(*) FROM title t,cast_info ci WHERE t.id=ci.movie_id AND ci.person_id<2945474 AND ci.role_id=2;2359468
SELECT COUNT(*) FROM movie_keyword mk WHERE mk.keyword_id>2237;5367657
SELECT COUNT(*) FROM title t,movie_companies mc WHERE t.id=mc.movie_id AND t.kind_id>4 AND t.production_year<2004 AND mc.company_id<5363;438168
SELECT COUNT(*) FROM title t,movie_companies mc,movie_info_idx mi_idx WHERE t.id=mc.movie_id AND t.id=mi_idx.movie_id AND t.kind_id=7 AND t.production_year=2013 AND mc.company_id<239 AND mc.company_type_id<2;77989
SELECT COUNT(*) FROM title t,movie_keyword mk WHERE t.id=mk.movie_id AND mk.keyword_id=62398;1
SELECT COUNT(*) FROM title t,movie_companies mc WHERE t.id=mc.movie_id AND mc.company_id<213849 AND mc.company_type_id>1;2652674
SELECT COUNT(*) FROM title t,cast_info ci WHERE t.id=ci.movie_id AND ci.person_id>284738;58994880
SELECT COUNT(*) FROM title t,movie_keyword mk WHERE t.id=mk.movie_id AND mk.keyword_id<80578;6849062
SELECT COUNT(*) FROM title t,movie_info mi,movie_info_idx mi_idx WHERE t.id=mi.movie_id AND t.id=mi_idx.movie_id AND t.production_year>1978 AND mi.info_type_id=3;18851471
SELECT COUNT(*) FROM title t,movie_companies mc,movie_info mi WHERE t.id=mc.movie_id AND t.id=mi.movie_id AND t.kind_id<4 AND t.production_year=1966 AND mc.company_id<7563 AND mc.company_type_id=2 AND mi.info_type_id>6;16304
SELECT COUNT(*) FROM cast_info ci WHERE ci.person_id<1436321;16183082
SELECT COUNT(*) FROM title t,cast_info ci WHERE t.id=ci.movie_id AND ci.person_id=2610477 AND ci.role_id<3;1
SELECT COUNT(*) FROM title t,movie_companies mc WHERE t.id=mc.movie_id AND mc.company_id=43276 AND mc.company_type_id>1;1
SELECT COUNT(*) FROM movie_companies mc WHERE mc.company_id>1127 AND mc.company_type_id=1;1319080
SELECT COUNT(*) FROM title t,movie_companies mc WHERE t.id=mc.movie_id AND t.production_year<1996;1672396
SELECT COUNT(*) FROM title t,movie_info_idx mi_idx,movie_keyword mk WHERE t.id=mi_idx.movie_id AND t.id=mk.movie_id AND t.production_year=2008 AND mi_idx.info_type_id=101;180349
SELECT COUNT(*) FROM title t,cast_info ci WHERE t.id=ci.movie_id AND t.kind_id>1 AND ci.person_id<2769705 AND ci.role_id<3;15309515
SELECT COUNT(*) FROM title t,movie_info_idx mi_idx,movie_keyword mk WHERE t.id=mi_idx.movie_id AND t.id=mk.movie_id AND mk.keyword_id>40491;20018342
SELECT COUNT(*) FROM title t,movie_keyword mk WHERE t.id=mk.movie_id AND t.production_year<2007 AND mk.keyword_id>19735;1219928
SELECT COUNT(*) FROM title t,movie_info_idx mi_idx,movie_keyword mk WHERE t.id=mi_idx.movie_id AND t.id=mk.movie_id AND mi_idx.info_type_id=100 AND mk.keyword_id>430;5050013
SELECT COUNT(*) FROM title t,cast_info ci,movie_keyword mk WHERE t.id=ci.movie_id AND t.id=mk.movie_id AND ci.role_id=4 AND mk.keyword_id=2830;228
SELECT COUNT(*) FROM movie_keyword mk WHERE mk.keyword_id>19819;2064373
SELECT COUNT(*) FROM title t,movie_keyword mk WHERE t.id=mk.movie_id AND t.kind_id<7 AND t.production_year>2011 AND mk.keyword_id=4755;0
SELECT COUNT(*) FROM movie_companies mc WHERE mc.company_id<11393 AND mc.company_type_id>1;901315
SELECT COUNT(*) FROM title t,movie_info mi,movie_info_idx mi_idx WHERE t.id=mi.movie_id AND t.id=mi_idx.movie_id AND t.production_year<1965 AND mi.info_type_id<90;45547209
SELECT COUNT(*) FROM title t,movie_info mi,movie_keyword mk WHERE t.id=mi.movie_id AND t.id=mk.movie_id AND t.kind_id>3 AND t.production_year<2011 AND mi.info_type_id<18;24422980
SELECT COUNT(*) FROM title t,movie_companies mc WHERE t.id=mc.movie_id AND mc.company_id>213;4405138
SELECT COUNT(*) FROM title t,movie_companies mc,cast_info ci WHERE t.id=mc.movie_id AND t.id=ci.movie_id AND mc.company_id=27 AND mc.company_type_id=1 AND ci.person_id<1265390;664
SELECT COUNT(*) FROM movie_companies mc WHERE mc.company_id>868 AND mc.company_type_id=2;2563392
SELECT COUNT(*) FROM title t,cast_info ci WHERE t.id=ci.movie_id AND t.production_year<2006 AND ci.person_id>473664 AND ci.role_id=2;5469266
SELECT COUNT(*) FROM title t,movie_companies mc WHERE t.id=mc.movie_id AND t.kind_id<4 AND t.production_year>1910 AND mc.company_id>1461 AND mc.company_type_id=2;1079974
SELECT COUNT(*) FROM title t,movie_companies mc,movie_keyword mk WHERE t.id=mc.movie_id AND t.id=mk.movie_id AND t.kind_id>1 AND t.production_year=1995 AND mc.company_id>4436 AND mk.keyword_id>12216;39545
SELECT COUNT(*) FROM title t,movie_companies mc,movie_info_idx mi_idx WHERE t.id=mc.movie_id AND t.id=mi_idx.movie_id AND t.kind_id<4 AND t.production_year<1961 AND mc.company_id>17484 AND mc.company_type_id=1;2618610
SELECT COUNT(*) FROM title t,cast_info ci,movie_info_idx mi_idx WHERE t.id=ci.movie_id AND t.id=mi_idx.movie_id AND t.kind_id=1 AND t.production_year<1959;28536417
SELECT COUNT(*) FROM title t,cast_info ci WHERE t.id=ci.movie_id AND t.kind_id=1 AND t.production_year=2000 AND ci.person_id>1066564 AND ci.role_id=3;13952
SELECT COUNT(*) FROM title t,movie_info_idx mi_idx WHERE t.id=mi_idx.movie_id AND t.kind_id<7 AND t.production_year>1961 AND mi_idx.info_type_id<101;9556301
SELECT COUNT(*) FROM title t,movie_info mi WHERE t.id=mi.movie_id AND t.kind_id<7 AND t.production_year=1994 AND mi.info_type_id>17;52357
SELECT COUNT(*) FROM title t,cast_info ci WHERE t.id=ci.movie_id AND ci.person_id=3587349;22
SELECT COUNT(*) FROM title t,movie_info_idx mi_idx WHERE t.id=mi_idx.movie_id AND t.kind_id>4 AND t.production_year<2005 AND mi_idx.info_type_id<101;3415769
SELECT COUNT(*) FROM title t,cast_info ci,movie_keyword mk WHERE t.id=ci.movie_id AND t.id=mk.movie_id AND ci.person_id>2678609 AND ci.role_id=2 AND mk.keyword_id<1776;14122894
SELECT COUNT(*) FROM title t,cast_info ci WHERE t.id=ci.movie_id AND ci.person_id<2043231 AND ci.role_id>1;7062010
SELECT COUNT(*) FROM title t,movie_companies mc,movie_info_idx mi_idx WHERE t.id=mc.movie_id AND t.id=mi_idx.movie_id AND mc.company_id<11373;24373874
SELECT COUNT(*) FROM title t,cast_info ci,movie_keyword mk WHERE t.id=ci.movie_id AND t.id=mk.movie_id AND ci.person_id>2869415 AND ci.role_id>9 AND mk.keyword_id<2980;23875125
SELECT COUNT(*) FROM movie_keyword mk WHERE mk.keyword_id=34013;3
SELECT COUNT(*) FROM movie_keyword mk WHERE mk.keyword_id>26476;1710001
SELECT COUNT(*) FROM title t,movie_companies mc,movie_info_idx mi_idx WHERE t.id=mc.movie_id AND t.id=mi_idx.movie_id AND t.kind_id<7 AND mc.company_id=3232 AND mc.company_type_id=1;9
SELECT COUNT(*) FROM cast_info ci WHERE ci.person_id>1256579;49304654
SELECT COUNT(*) FROM title t,movie_info_idx mi_idx,movie_keyword mk WHERE t.id=mi_idx.movie_id AND t.id=mk.movie_id AND t.production_year>2012 AND mi_idx.info_type_id>100;3754679
SELECT COUNT(*) FROM title t,movie_info mi,movie_info_idx mi_idx WHERE t.id=mi.movie_id AND t.id=mi_idx.movie_id AND t.kind_id>4 AND t.production_year=2009 AND mi_idx.info_type_id>99;713612
SELECT COUNT(*) FROM title t,cast_info ci WHERE t.id=ci.movie_id AND t.kind_id=1 AND t.production_year=1993;108632
SELECT COUNT(*) FROM title t,movie_info mi WHERE t.id=mi.movie_id AND t.production_year=2007 AND mi.info_type_id=4;64446
SELECT COUNT(*) FROM title t,cast_info ci WHERE t.id=ci.movie_id AND t.kind_id=7 AND t.production_year<1990 AND ci.role_id<3;3407168
SELECT COUNT(*) FROM title t,cast_info ci,movie_info_idx mi_idx WHERE t.id=ci.movie_id AND t.id=mi_idx.movie_id AND ci.person_id=2420177;8
SELECT COUNT(*) FROM title t,cast_info ci,movie_keyword mk WHERE t.id=ci.movie_id AND t.id=mk.movie_id AND t.kind_id=7 AND t.production_year<2008 AND ci.role_id=1 AND mk.keyword_id<73;127792
SELECT COUNT(*) FROM movie_keyword mk WHERE mk.keyword_id<5374;3284935
SELECT COUNT(*) FROM title t,movie_companies mc WHERE t.id=mc.movie_id AND t.kind_id=7 AND mc.company_id>817 AND mc.company_type_id=1;181367
SELECT COUNT(*) FROM title t,movie_companies mc,cast_info ci WHERE t.id=mc.movie_id AND t.id=ci.movie_id AND mc.company_type_id>1 AND ci.person_id<394300;4599350
SELECT COUNT(*) FROM title t,movie_info_idx mi_idx,movie_keyword mk WHERE t.id=mi_idx.movie_id AND t.id=mk.movie_id AND mk.keyword_id>51095;16131600
SELECT COUNT(*) FROM title t,movie_keyword mk WHERE t.id=mk.movie_id AND t.kind_id>4 AND t.production_year>1966;1604809
SELECT COUNT(*) FROM title t,cast_info ci,movie_keyword mk WHERE t.id=ci.movie_id AND t.id=mk.movie_id AND t.production_year=1899 AND mk.keyword_id<398;274
SELECT COUNT(*) FROM title t,cast_info ci,movie_info mi WHERE t.id=ci.movie_id AND t.id=mi.movie_id AND t.production_year>2010 AND mi.info_type_id>3;230788188
SELECT COUNT(*) FROM title t,cast_info ci,movie_keyword mk WHERE t.id=ci.movie_id AND t.id=mk.movie_id AND t.kind_id>1 AND t.production_year=2007 AND mk.keyword_id=3256;13
SELECT COUNT(*) FROM title t,movie_companies mc,movie_keyword mk WHERE t.id=mc.movie_id AND t.id=mk.movie_id AND t.kind_id=1 AND t.production_year<1965 AND mc.company_id>1237;5931508
SELECT COUNT(*) FROM title t,cast_info ci,movie_info mi WHERE t.id=ci.movie_id AND t.id=mi.movie_id AND t.production_year=1974 AND ci.person_id<3019402 AND ci.role_id>1 AND mi.info_type_id>3;693197
SELECT COUNT(*) FROM movie_companies mc WHERE mc.company_id=32057 AND mc.company_type_id<2;3
SELECT COUNT(*) FROM cast_info ci WHERE ci.person_id<1931896 AND ci.role_id>1;6804355
SELECT COUNT(*) FROM title t,cast_info ci WHERE t.id=ci.movie_id AND t.kind_id>2 AND t.production_year<1965;1222052
SELECT COUNT(*) FROM title t,movie_companies mc,movie_keyword mk WHERE t.id=mc.movie_id AND t.id=mk.movie_id AND t.production_year=1996 AND mc.company_id<11695 AND mc.company_type_id=2;60469
SELECT COUNT(*) FROM cast_info ci WHERE ci.person_id=90962 AND ci.role_id<10;1
SELECT COUNT(*) FROM cast_info ci WHERE ci.person_id=892909 AND ci.role_id<3;1
SELECT COUNT(*) FROM movie_keyword mk WHERE mk.keyword_id<39210;6260640
SELECT COUNT(*) FROM title t,cast_info ci,movie_info mi WHERE t.id=ci.movie_id AND t.id=mi.movie_id AND t.kind_id>1 AND t.production_year>2006;169991118
SELECT COUNT(*) FROM title t,movie_keyword mk WHERE t.id=mk.movie_id AND t.production_year=1998 AND mk.keyword_id>16264;33904
SELECT COUNT(*) FROM movie_companies mc WHERE mc.company_id>4434 AND mc.company_type_id=2;2244950
SELECT COUNT(*) FROM title t,movie_keyword mk WHERE t.id=mk.movie_id AND t.kind_id=7 AND mk.keyword_id=527;101
SELECT COUNT(*) FROM title t,cast_info ci WHERE t.id=ci.movie_id AND ci.person_id<511906 AND ci.role_id>10;21358
SELECT COUNT(*) FROM movie_keyword mk WHERE mk.keyword_id<1007;1069971
SELECT COUNT(*) FROM movie_companies mc WHERE mc.company_id<69853;3510652
SELECT COUNT(*) FROM movie_keyword mk WHERE mk.keyword_id=88122;1
SELECT COUNT(*) FROM title t,cast_info ci WHERE t.id=ci.movie_id AND t.kind_id=7 AND t.production_year=1962 AND ci.person_id<1154998 AND ci.role_id=10;562
SELECT COUNT(*) FROM title t,cast_info ci WHERE t.id=ci.movie_id AND ci.person_id<2279717;25082944
SELECT COUNT(*) FROM movie_companies mc WHERE mc.company_id<43106;3291109
SELECT COUNT(*) FROM title t,movie_companies mc WHERE t.id=mc.movie_id AND mc.company_id=14267;2
SELECT COUNT(*) FROM title t,cast_info ci,movie_info mi WHERE t.id=ci.movie_id AND t.id=mi.movie_id AND ci.person_id>1144755 AND ci.role_id=3;72710660
SELECT COUNT(*) FROM title t,movie_companies mc,movie_keyword mk WHERE t.id=mc.movie_id AND t.id=mk.movie_id AND t.kind_id=1 AND t.production_year>1980 AND mk.keyword_id>13634;13583062
SELECT COUNT(*) FROM title t,cast_info ci,movie_keyword mk WHERE t.id=ci.movie_id AND t.id=mk.movie_id AND ci.person_id<492499 AND ci.role_id=2;1488
SELECT COUNT(*) FROM title t,movie_companies mc,cast_info ci WHERE t.id=mc.movie_id AND t.id=ci.movie_id AND mc.company_id<145 AND mc.company_type_id<2;9091402
SELECT COUNT(*) FROM title t,movie_companies mc,movie_keyword mk WHERE t.id=mc.movie_id AND t.id=mk.movie_id AND mc.company_id>87517 AND mk.keyword_id=9182;0
SELECT COUNT(*) FROM title t,cast_info ci WHERE t.id=ci.movie_id AND ci.person_id<2626616 AND ci.role_id<10;27519454
SELECT COUNT(*) FROM title t,movie_companies mc,movie_info mi WHERE t.id=mc.movie_id AND t.id=mi.movie_id AND t.kind_id<7 AND mc.company_id<11379;53100332
SELECT COUNT(*) FROM title t,movie_keyword mk WHERE t.id=mk.movie_id AND t.kind_id=7 AND t.production_year<1987 AND mk.keyword_id=2651;0
SELECT COUNT(*) FROM cast_info ci WHERE ci.person_id<814499 AND ci.role_id>1;2957304
SELECT COUNT(*) FROM cast_info ci WHERE ci.person_id>1259307 AND ci.role_id>1;38528835
SELECT COUNT(*) FROM title t,movie_companies mc,cast_info ci WHERE t.id=mc.movie_id AND t.id=ci.movie_id AND t.production_year<2010 AND mc.company_id>33938 AND ci.person_id<1550792;7441584
SELECT COUNT(*) FROM movie_keyword mk WHERE mk.keyword_id>10116;3170986
SELECT COUNT(*) FROM cast_info ci WHERE ci.person_id<1123232;12807905
SELECT COUNT(*) FROM title t,movie_keyword mk WHERE t.id=mk.movie_id AND t.kind_id=7 AND t.production_year=2002 AND mk.keyword_id>870;20901
SELECT COUNT(*) FROM title t,movie_companies mc WHERE t.id=mc.movie_id AND mc.company_id>512 AND mc.company_type_id>1;2617526
SELECT COUNT(*) FROM title t,cast_info ci,movie_info mi WHERE t.id=ci.movie_id AND t.id=mi.movie_id AND t.kind_id<7 AND t.production_year>1970;560653932
SELECT COUNT(*) FROM title t,movie_info mi,movie_keyword mk WHERE t.id=mi.movie_id AND t.id=mk.movie_id AND mk.keyword_id<2697;132839550
SELECT COUNT(*) FROM title t,cast_info ci WHERE t.id=ci.movie_id AND ci.person_id=625934 AND ci.role_id<2;2
SELECT COUNT(*) FROM movie_companies mc WHERE mc.company_id>112526;1162628
SELECT COUNT(*) FROM title t,movie_keyword mk WHERE t.id=mk.movie_id AND t.kind_id=1 AND mk.keyword_id<1002;624096
SELECT COUNT(*) FROM title t,cast_info ci WHERE t.id=ci.movie_id AND ci.person_id<3322691 AND ci.role_id=4;2498643
SELECT COUNT(*) FROM cast_info ci WHERE ci.person_id<770925 AND ci.role_id<10;8422273
SELECT COUNT(*) FROM movie_keyword mk WHERE mk.keyword_id=6123;11
SELECT COUNT(*) FROM title t,movie_info mi,movie_keyword mk WHERE t.id=mi.movie_id AND t.id=mk.movie_id AND t.kind_id<7 AND mi.info_type_id>16 AND mk.keyword_id<11728;100731226
SELECT COUNT(*) FROM title t,cast_info ci,movie_keyword mk WHERE t.id=ci.movie_id AND t.id=mk.movie_id AND ci.person_id<2566764 AND ci.role_id=1 AND mk.keyword_id<2849;38680237
SELECT COUNT(*) FROM title t,cast_info ci,movie_info_idx mi_idx WHERE t.id=ci.movie_id AND t.id=mi_idx.movie_id AND t.kind_id>1 AND t.production_year<2009 AND ci.person_id>1835252 AND ci.role_id<10 AND mi_idx.info_type_id=99;3873790
SELECT COUNT(*) FROM cast_info ci WHERE ci.person_id>3150139;28500028
SELECT COUNT(*) FROM cast_info ci WHERE ci.person_id=1128359;1
SELECT COUNT(*) FROM title t,cast_info ci,movie_info mi WHERE t.id=ci.movie_id AND t.id=mi.movie_id AND ci.person_id>2289369 AND ci.role_id>1;468735922
SELECT COUNT(*) FROM movie_keyword mk WHERE mk.keyword_id=18692;2
SELECT COUNT(*) FROM title t,movie_info mi,movie_info_idx mi_idx WHERE t.id=mi.movie_id AND t.id=mi_idx.movie_id AND t.production_year=1993 AND mi.info_type_id>16;2122244
SELECT COUNT(*) FROM movie_keyword mk WHERE mk.keyword_id>2231;5369602
SELECT COUNT(*) FROM movie_companies mc WHERE mc.company_id=14805;2
SELECT COUNT(*) FROM title t,movie_info mi,movie_keyword mk WHERE t.id=mi.movie_id AND t.id=mk.movie_id AND t.production_year>2008 AND mi.info_type_id>16;44250565
SELECT COUNT(*) FROM title t,movie_companies mc,movie_info mi WHERE t.id=mc.movie_id AND t.id=mi.movie_id AND t.production_year>2005 AND mc.company_type_id<2 AND mi.info_type_id<7;6467691
SELECT COUNT(*) FROM title t,cast_info ci WHERE t.id=ci.movie_id AND t.kind_id=7 AND ci.person_id<1139092;7903724
SELECT COUNT(*) FROM movie_companies mc WHERE mc.company_id<19691 AND mc.company_type_id=2;1084734
SELECT COUNT(*) FROM title t,movie_info mi WHERE t.id=mi.movie_id AND t.kind_id>1 AND t.production_year=1996;214375
SELECT COUNT(*) FROM title t,movie_info mi,movie_keyword mk WHERE t.id=mi.movie_id AND t.id=mk.movie_id AND t.kind_id<7 AND t.production_year=2011 AND mi.info_type_id>18;2725951
SELECT COUNT(*) FROM title t,movie_companies mc,movie_keyword mk WHERE t.id=mc.movie_id AND t.id=mk.movie_id AND t.production_year>1998;35495563
SELECT COUNT(*) FROM movie_companies mc WHERE mc.company_id=14074;15
SELECT COUNT(*) FROM cast_info ci WHERE ci.person_id<969025 AND ci.role_id>3;2490580
SELECT COUNT(*) FROM cast_info ci WHERE ci.person_id<57549 AND ci.role_id=1;408911
SELECT COUNT(*) FROM title t,movie_info mi,movie_keyword mk WHERE t.id=mi.movie_id AND t.id=mk.movie_id AND mi.info_type_id<2 AND mk.keyword_id<96739;7048448
SELECT COUNT(*) FROM title t,cast_info ci,movie_keyword mk WHERE t.id=ci.movie_id AND t.id=mk.movie_id AND t.production_year<2006 AND ci.role_id=6 AND mk.keyword_id=13940;8
SELECT COUNT(*) FROM movie_companies mc WHERE mc.company_id>27699 AND mc.company_type_id=2;1667384
SELECT COUNT(*) FROM movie_keyword mk WHERE mk.keyword_id=8629;125
SELECT COUNT(*) FROM movie_companies mc WHERE mc.company_id>99727;1283787
SELECT COUNT(*) FROM title t,movie_keyword mk WHERE t.id=mk.movie_id AND mk.keyword_id=71485;3
SELECT COUNT(*) FROM title t,movie_info mi WHERE t.id=mi.movie_id AND t.kind_id=2 AND mi.info_type_id>6;957448
SELECT COUNT(*) FROM cast_info ci WHERE ci.person_id>1881200;42348055
SELECT COUNT(*) FROM title t,movie_info_idx mi_idx,movie_keyword mk WHERE t.id=mi_idx.movie_id AND t.id=mk.movie_id AND mi_idx.info_type_id=100 AND mk.keyword_id<117;158207
SELECT COUNT(*) FROM cast_info ci WHERE ci.person_id>791670;54381759
SELECT COUNT(*) FROM movie_keyword mk WHERE mk.keyword_id<31065;5963965
SELECT COUNT(*) FROM movie_keyword mk WHERE mk.keyword_id>6854;3873889
SELECT COUNT(*) FROM title t,cast_info ci WHERE t.id=ci.movie_id AND t.kind_id<7 AND t.production_year>1959;19618380
SELECT COUNT(*) FROM cast_info ci WHERE ci.person_id>1747522 AND ci.role_id<4;26085724
SELECT COUNT(*) FROM title t,movie_info mi WHERE t.id=mi.movie_id AND t.kind_id<4 AND mi.info_type_id<4;4482428
SELECT COUNT(*) FROM cast_info ci WHERE ci.person_id<1341245 AND ci.role_id<3;10348441
SELECT COUNT(*) FROM title t,movie_keyword mk WHERE t.id=mk.movie_id AND t.kind_id<4 AND t.production_year=2005;123605
SELECT COUNT(*) FROM cast_info ci WHERE ci.person_id<286848;3239003
SELECT COUNT(*) FROM title t,movie_companies mc,cast_info ci WHERE t.id=mc.movie_id AND t.id=ci.movie_id AND t.kind_id<7 AND ci.person_id>1366207;66740038
SELECT COUNT(*) FROM title t,movie_companies mc,cast_info ci WHERE t.id=mc.movie_id AND t.id=ci.movie_id AND t.kind_id>1 AND mc.company_id>68 AND mc.company_type_id=1 AND ci.person_id<1673909;7591532
SELECT COUNT(*) FROM title t,movie_info mi,movie_info_idx mi_idx WHERE t.id=mi.movie_id AND t.id=mi_idx.movie_id AND t.production_year=2004 AND mi.info_type_id>98;2078167
SELECT COUNT(*) FROM cast_info ci WHERE ci.person_id>1326433;48576740
SELECT COUNT(*) FROM title t,movie_companies mc WHERE t.id=mc.movie_id AND t.kind_id<7 AND t.production_year<1994 AND mc.company_type_id<2;620489
SELECT COUNT(*) FROM title t,movie_companies mc WHERE t.id=mc.movie_id AND t.production_year<2011 AND mc.company_id=846 AND mc.company_type_id<2;237
SELECT COUNT(*) FROM title t,cast_info ci,movie_info mi WHERE t.id=ci.movie_id AND t.id=mi.movie_id AND mi.info_type_id=108;4055884
SELECT COUNT(*) FROM title t,movie_info_idx mi_idx,movie_keyword mk WHERE t.id=mi_idx.movie_id AND t.id=mk.movie_id AND mi_idx.info_type_id<100 AND mk.keyword_id<56903;85045028
SELECT COUNT(*) FROM title t,movie_info mi,movie_keyword mk WHERE t.id=mi.movie_id AND t.id=mk.movie_id AND t.production_year<2010 AND mi.info_type_id>6 AND mk.keyword_id=20330;767
SELECT COUNT(*) FROM title t,cast_info ci WHERE t.id=ci.movie_id AND ci.person_id<1822571 AND ci.role_id>10;83624
SELECT COUNT(*) FROM title t,cast_info ci,movie_keyword mk WHERE t.id=ci.movie_id AND t.id=mk.movie_id AND t.production_year>1913 AND ci.person_id<364441 AND mk.keyword_id<2276;6631323
SELECT COUNT(*) FROM title t,movie_companies mc,movie_info mi WHERE t.id=mc.movie_id AND t.id=mi.movie_id AND t.production_year=2010 AND mc.company_id=76905 AND mi.info_type_id<4;0
SELECT COUNT(*) FROM title t,movie_companies mc WHERE t.id=mc.movie_id AND t.kind_id=1 AND t.production_year=2012 AND mc.company_type_id>1;35399
SELECT COUNT(*) FROM title t,movie_info mi,movie_info_idx mi_idx WHERE t.id=mi.movie_id AND t.id=mi_idx.movie_id AND t.production_year=2011 AND mi.info_type_id=8 AND mi_idx.info_type_id<100;622448
SELECT COUNT(*) FROM title t,movie_info_idx mi_idx,movie_keyword mk WHERE t.id=mi_idx.movie_id AND t.id=mk.movie_id AND t.production_year>2007 AND mk.keyword_id<38085;29617274
SELECT COUNT(*) FROM title t,cast_info ci,movie_keyword mk WHERE t.id=ci.movie_id AND t.id=mk.movie_id AND t.production_year=1958 AND ci.role_id=1;413954
SELECT COUNT(*) FROM title t,movie_companies mc,movie_info_idx mi_idx WHERE t.id=mc.movie_id AND t.id=mi_idx.movie_id AND t.production_year>1914 AND mi_idx.info_type_id=99;2311746
SELECT COUNT(*) FROM title t,movie_companies mc,movie_keyword mk WHERE t.id=mc.movie_id AND t.id=mk.movie_id AND t.kind_id<7 AND t.production_year>1940 AND mk.keyword_id=36078;0
SELECT COUNT(*) FROM title t,movie_info mi WHERE t.id=mi.movie_id AND mi.info_type_id<12;14362969
SELECT COUNT(*) FROM title t,movie_keyword mk WHERE t.id=mk.movie_id AND mk.keyword_id<34121;6064233
SELECT COUNT(*) FROM title t,movie_companies mc WHERE t.id=mc.movie_id AND mc.company_id<171 AND mc.company_type_id=2;134269
SELECT COUNT(*) FROM movie_keyword mk WHERE mk.keyword_id>16691;2323831
SELECT COUNT(*) FROM title t,cast_info ci,movie_info_idx mi_idx WHERE t.id=ci.movie_id AND t.id=mi_idx.movie_id AND t.kind_id=7 AND t.production_year=2012 AND ci.person_id<3297942;4855834
SELECT COUNT(*) FROM movie_companies mc WHERE mc.company_id>207995;229465
SELECT COUNT(*) FROM movie_keyword mk WHERE mk.keyword_id=78435;23
SELECT COUNT(*) FROM title t,cast_info ci WHERE t.id=ci.movie_id AND t.production_year<2012 AND ci.person_id<1359374;10295074
SELECT COUNT(*) FROM title t,movie_companies mc WHERE t.id=mc.movie_id AND t.kind_id=7 AND mc.company_id>506;1498844
SELECT COUNT(*) FROM title t,cast_info ci,movie_keyword mk WHERE t.id=ci.movie_id AND t.id=mk.movie_id AND ci.person_id<1878585 AND ci.role_id=8;3426136
SELECT COUNT(*) FROM title t,movie_info mi WHERE t.id=mi.movie_id AND t.production_year<2011 AND mi.info_type_id=16;3341857
SELECT COUNT(*) FROM title t,movie_info mi,movie_keyword mk WHERE t.id=mi.movie_id AND t.id=mk.movie_id AND t.kind_id=1 AND mi.info_type_id=110 AND mk.keyword_id<8820;1957541
SELECT COUNT(*) FROM title t,movie_info mi,movie_keyword mk WHERE t.id=mi.movie_id AND t.id=mk.movie_id AND mk.keyword_id<7477;222046093
SELECT COUNT(*) FROM movie_keyword mk WHERE mk.keyword_id<4519;3038269
SELECT COUNT(*) FROM title t,movie_companies mc WHERE t.id=mc.movie_id AND t.production_year>1955 AND mc.company_id>4730;2681459
SELECT COUNT(*) FROM title t,movie_keyword mk WHERE t.id=mk.movie_id AND mk.keyword_id>1043;6330988
SELECT COUNT(*) FROM title t,movie_companies mc WHERE t.id=mc.movie_id AND t.kind_id=3 AND mc.company_id=67;3476
SELECT COUNT(*) FROM title t,movie_companies mc,movie_info mi WHERE t.id=mc.movie_id AND t.id=mi.movie_id AND t.kind_id<4 AND t.production_year<1910 AND mi.info_type_id>73;62332
SELECT COUNT(*) FROM title t,movie_companies mc,movie_keyword mk WHERE t.id=mc.movie_id AND t.id=mk.movie_id AND t.kind_id<7 AND t.production_year>2011 AND mc.company_id>111186 AND mc.company_type_id=2;1327269
SELECT COUNT(*) FROM cast_info ci WHERE ci.person_id<3431631 AND ci.role_id>8;2332754
SELECT COUNT(*) FROM title t,cast_info ci,movie_keyword mk WHERE t.id=ci.movie_id AND t.id=mk.movie_id AND t.kind_id<7 AND mk.keyword_id=6087;2531
SELECT COUNT(*) FROM title t,movie_info_idx mi_idx,movie_keyword mk WHERE t.id=mi_idx.movie_id AND t.id=mk.movie_id AND mi_idx.info_type_id=99 AND mk.keyword_id<108021;5249023
SELECT COUNT(*) FROM title t,movie_info mi,movie_keyword mk WHERE t.id=mi.movie_id AND t.id=mk.movie_id AND t.kind_id<7 AND mi.info_type_id>1 AND mk.keyword_id>2632;292454011
SELECT COUNT(*) FROM cast_info ci WHERE ci.person_id<3287059 AND ci.role_id>10;141194
SELECT COUNT(*) FROM title t,movie_info mi,movie_info_idx mi_idx WHERE t.id=mi.movie_id AND t.id=mi_idx.movie_id AND t.kind_id=1 AND t.production_year>2000 AND mi.info_type_id=2;5250408
SELECT COUNT(*) FROM title t,movie_info mi WHERE t.id=mi.movie_id AND t.production_year<2010 AND mi.info_type_id<6;5506003
SELECT COUNT(*) FROM movie_keyword mk WHERE mk.keyword_id>1312;5993247
SELECT COUNT(*) FROM movie_keyword mk WHERE mk.keyword_id>23394;1883980
SELECT COUNT(*) FROM title t,cast_info ci,movie_info_idx mi_idx WHERE t.id=ci.movie_id AND t.id=mi_idx.movie_id AND t.kind_id<7 AND t.production_year=2008 AND ci.person_id>2318904 AND ci.role_id=5;231964
SELECT COUNT(*) FROM title t,cast_info ci WHERE t.id=ci.movie_id AND t.kind_id<7 AND ci.person_id<2970008;12198327
SELECT COUNT(*) FROM title t,cast_info ci WHERE t.id=ci.movie_id AND t.kind_id=2 AND t.production_year<1981;142039
SELECT COUNT(*) FROM title t,movie_companies mc,cast_info ci WHERE t.id=mc.movie_id AND t.id=ci.movie_id AND t.kind_id=7 AND t.production_year<2006 AND mc.company_id>1117 AND mc.company_type_id<2 AND ci.person_id<2835100;921227
SELECT COUNT(*) FROM title t,movie_info_idx mi_idx WHERE t.id=mi_idx.movie_id AND t.kind_id>2 AND t.production_year<1999;3612488
SELECT COUNT(*) FROM movie_companies mc WHERE mc.company_id>74824;1413506
SELECT COUNT(*) FROM title t,movie_info_idx mi_idx WHERE t.id=mi_idx.movie_id AND t.kind_id=7 AND t.production_year>1991 AND mi_idx.info_type_id>100;767081
SELECT COUNT(*) FROM title t,movie_keyword mk WHERE t.id=mk.movie_id AND t.production_year<2012 AND mk.keyword_id=2488;17
SELECT COUNT(*) FROM title t,movie_info mi,movie_keyword mk WHERE t.id=mi.movie_id AND t.id=mk.movie_id AND t.kind_id=1 AND t.production_year>2010 AND mi.info_type_id<3;1613581
SELECT COUNT(*) FROM cast_info ci WHERE ci.person_id>838300;53851315
SELECT COUNT(*) FROM title t,movie_info mi WHERE t.id=mi.movie_id AND t.kind_id=1 AND t.production_year<1973 AND mi.info_type_id>6;2529531
SELECT COUNT(*) FROM title t,movie_companies mc,movie_info_idx mi_idx WHERE t.id=mc.movie_id AND t.id=mi_idx.movie_id AND t.production_year<2009 AND mc.company_id>12065;19037414
SELECT COUNT(*) FROM title t,cast_info ci,movie_keyword mk WHERE t.id=ci.movie_id AND t.id=mk.movie_id AND ci.person_id<4006715 AND ci.role_id<2 AND mk.keyword_id<1574;25470823
SELECT COUNT(*) FROM title t,movie_companies mc,movie_keyword mk WHERE t.id=mc.movie_id AND t.id=mk.movie_id AND mc.company_id>164180 AND mk.keyword_id>90308;209546
SELECT COUNT(*) FROM title t,cast_info ci,movie_info_idx mi_idx WHERE t.id=ci.movie_id AND t.id=mi_idx.movie_id AND t.kind_id<3 AND t.production_year<1966;35188012
SELECT COUNT(*) FROM title t,movie_companies mc,movie_info_idx mi_idx WHERE t.id=mc.movie_id AND t.id=mi_idx.movie_id AND mc.company_id>14227 AND mc.company_type_id=1;11026999
SELECT COUNT(*) FROM title t,movie_info mi,movie_keyword mk WHERE t.id=mi.movie_id AND t.id=mk.movie_id AND t.kind_id=7 AND t.production_year=2006 AND mi.info_type_id<3;48128
SELECT COUNT(*) FROM title t,movie_info mi WHERE t.id=mi.movie_id AND t.kind_id>3 AND t.production_year>2012;2597291
SELECT COUNT(*) FROM title t,movie_companies mc WHERE t.id=mc.movie_id AND t.kind_id<7 AND t.production_year<2010 AND mc.company_id>10673 AND mc.company_type_id<2;583711
SELECT COUNT(*) FROM title t,cast_info ci WHERE t.id=ci.movie_id AND t.kind_id=7 AND t.production_year>2013 AND ci.person_id>1093504 AND ci.role_id>1;5993315
SELECT COUNT(*) FROM title t,cast_info ci WHERE t.id=ci.movie_id AND ci.person_id=3508682;1
SELECT COUNT(*) FROM title t,movie_info_idx mi_idx WHERE t.id=mi_idx.movie_id AND t.kind_id=2 AND t.production_year<1951;7292
SELECT COUNT(*) FROM movie_keyword mk WHERE mk.keyword_id=2921;569
SELECT COUNT(*) FROM title t,movie_info mi,movie_keyword mk WHERE t.id=mi.movie_id AND t.id=mk.movie_id AND mk.keyword_id>16398;146177591
SELECT COUNT(*) FROM title t,cast_info ci WHERE t.id=ci.movie_id AND ci.person_id<2334390 AND ci.role_id=1;17572340
SELECT COUNT(*) FROM title t,cast_info ci,movie_info_idx mi_idx WHERE t.id=ci.movie_id AND t.id=mi_idx.movie_id AND ci.person_id<503262 AND ci.role_id>3;10524707
SELECT COUNT(*) FROM title t,movie_info_idx mi_idx WHERE t.id=mi_idx.movie_id AND t.production_year<1932 AND mi_idx.info_type_id=99;12700
SELECT COUNT(*) FROM title t,movie_companies mc,movie_info_idx mi_idx WHERE t.id=mc.movie_id AND t.id=mi_idx.movie_id AND t.kind_id=2 AND t.production_year>2004 AND mc.company_type_id=1 AND mi_idx.info_type_id>99;230809
SELECT COUNT(*) FROM title t,movie_info mi,movie_info_idx mi_idx WHERE t.id=mi.movie_id AND t.id=mi_idx.movie_id AND t.kind_id=3 AND t.production_year>0 AND mi.info_type_id>8;8328036
SELECT COUNT(*) FROM title t,cast_info ci,movie_info mi WHERE t.id=ci.movie_id AND t.id=mi.movie_id AND t.kind_id=4 AND t.production_year>2011 AND ci.person_id<2814404 AND ci.role_id>10 AND mi.info_type_id=8;476
SELECT COUNT(*) FROM title t,movie_keyword mk WHERE t.id=mk.movie_id AND mk.keyword_id>1143;6082749
SELECT COUNT(*) FROM title t,movie_info_idx mi_idx WHERE t.id=mi_idx.movie_id AND t.production_year>1926;20488991
SELECT COUNT(*) FROM title t,movie_info mi,movie_info_idx mi_idx WHERE t.id=mi.movie_id AND t.id=mi_idx.movie_id AND t.kind_id<7 AND t.production_year<1964;46554472
SELECT COUNT(*) FROM cast_info ci WHERE ci.person_id<712149 AND ci.role_id=8;411302
SELECT COUNT(*) FROM title t,cast_info ci,movie_info_idx mi_idx WHERE t.id=ci.movie_id AND t.id=mi_idx.movie_id AND ci.person_id>914574 AND mi_idx.info_type_id=100;18592586
SELECT COUNT(*) FROM title t,cast_info ci,movie_info_idx mi_idx WHERE t.id=ci.movie_id AND t.id=mi_idx.movie_id AND t.kind_id>1 AND t.production_year>2008 AND ci.person_id<1232956 AND ci.role_id>1;8171628
SELECT COUNT(*) FROM title t,movie_companies mc,movie_info_idx mi_idx WHERE t.id=mc.movie_id AND t.id=mi_idx.movie_id AND t.kind_id>3 AND mi_idx.info_type_id=99;842181
SELECT COUNT(*) FROM title t,cast_info ci,movie_info_idx mi_idx WHERE t.id=ci.movie_id AND t.id=mi_idx.movie_id AND t.production_year=2003 AND ci.person_id>2617999 AND ci.role_id<11;5350653
SELECT COUNT(*) FROM title t,movie_info mi,movie_info_idx mi_idx WHERE t.id=mi.movie_id AND t.id=mi_idx.movie_id AND t.kind_id=7 AND t.production_year=1984;591769
SELECT COUNT(*) FROM title t,movie_info mi,movie_keyword mk WHERE t.id=mi.movie_id AND t.id=mk.movie_id AND t.kind_id<7 AND t.production_year>2012 AND mi.info_type_id>16;22143670
SELECT COUNT(*) FROM title t,movie_info mi,movie_keyword mk WHERE t.id=mi.movie_id AND t.id=mk.movie_id AND t.production_year<2012 AND mi.info_type_id=3 AND mk.keyword_id>4333;6625294
SELECT COUNT(*) FROM movie_keyword mk WHERE mk.keyword_id>39961;1202489
SELECT COUNT(*) FROM title t,movie_info_idx mi_idx,movie_keyword mk WHERE t.id=mi_idx.movie_id AND t.id=mk.movie_id AND mk.keyword_id>520;115492694
SELECT COUNT(*) FROM title t,cast_info ci WHERE t.id=ci.movie_id AND t.kind_id<7 AND t.production_year=1968;101270
SELECT COUNT(*) FROM title t,cast_info ci WHERE t.id=ci.movie_id AND t.production_year<2012 AND ci.person_id>2774432 AND ci.role_id=8;1028887
SELECT COUNT(*) FROM title t,movie_companies mc WHERE t.id=mc.movie_id AND mc.company_id>215047 AND mc.company_type_id=2;213202
SELECT COUNT(*) FROM title t,movie_info mi,movie_keyword mk WHERE t.id=mi.movie_id AND t.id=mk.movie_id AND mk.keyword_id<382;30592875
SELECT COUNT(*) FROM title t,movie_companies mc,movie_keyword mk WHERE t.id=mc.movie_id AND t.id=mk.movie_id AND t.kind_id=3 AND t.production_year>1967 AND mc.company_id=27;118
SELECT COUNT(*) FROM title t,movie_info mi WHERE t.id=mi.movie_id AND t.kind_id<2 AND t.production_year=2010;507359
SELECT COUNT(*) FROM title t,movie_keyword mk WHERE t.id=mk.movie_id AND t.production_year>2009 AND mk.keyword_id<844;244011
SELECT COUNT(*) FROM title t,cast_info ci WHERE t.id=ci.movie_id AND ci.person_id<3918294;41903981
SELECT COUNT(*) FROM title t,movie_info mi,movie_keyword mk WHERE t.id=mi.movie_id AND t.id=mk.movie_id AND mk.keyword_id=784;1012
SELECT COUNT(*) FROM title t,movie_companies mc,cast_info ci WHERE t.id=mc.movie_id AND t.id=ci.movie_id AND mc.company_id>179807 AND ci.person_id<1590332 AND ci.role_id<8;1955272
SELECT COUNT(*) FROM title t,movie_companies mc,movie_info_idx mi_idx WHERE t.id=mc.movie_id AND t.id=mi_idx.movie_id AND t.production_year>1996 AND mc.company_id<12594 AND mi_idx.info_type_id>100;2904944
SELECT COUNT(*) FROM title t,movie_companies mc,movie_info mi WHERE t.id=mc.movie_id AND t.id=mi.movie_id AND t.production_year=1966 AND mc.company_id=475 AND mc.company_type_id=2;0
SELECT COUNT(*) FROM title t,movie_companies mc,movie_info_idx mi_idx WHERE t.id=mc.movie_id AND t.id=mi_idx.movie_id AND t.kind_id<7 AND mc.company_id>163179 AND mc.company_type_id>1;4136570
SELECT COUNT(*) FROM title t,movie_info mi,movie_info_idx mi_idx WHERE t.id=mi.movie_id AND t.id=mi_idx.movie_id AND t.kind_id=7 AND t.production_year<2004 AND mi.info_type_id>16;12618439
SELECT COUNT(*) FROM title t,movie_companies mc,movie_keyword mk WHERE t.id=mc.movie_id AND t.id=mk.movie_id AND mc.company_id>3451 AND mk.keyword_id=463;3602
SELECT COUNT(*) FROM title t,cast_info ci,movie_keyword mk WHERE t.id=ci.movie_id AND t.id=mk.movie_id AND mk.keyword_id=15551;2184
SELECT COUNT(*) FROM title t,movie_keyword mk WHERE t.id=mk.movie_id AND t.kind_id=3 AND t.production_year<2006 AND mk.keyword_id>57;265150
SELECT COUNT(*) FROM title t,movie_info mi WHERE t.id=mi.movie_id AND t.kind_id=7 AND t.production_year>1960 AND mi.info_type_id<18;6964618
SELECT COUNT(*) FROM title t,movie_info_idx mi_idx,movie_keyword mk WHERE t.id=mi_idx.movie_id AND t.id=mk.movie_id AND t.production_year<2010 AND mi_idx.info_type_id<101 AND mk.keyword_id=613;96
SELECT COUNT(*) FROM title t,cast_info ci,movie_keyword mk WHERE t.id=ci.movie_id AND t.id=mk.movie_id AND t.kind_id>1 AND ci.person_id>2382635 AND ci.role_id>1;51367968
SELECT COUNT(*) FROM cast_info ci WHERE ci.person_id<2748717;30716477
SELECT COUNT(*) FROM title t,cast_info ci,movie_keyword mk WHERE t.id=ci.movie_id AND t.id=mk.movie_id AND t.kind_id=2 AND t.production_year>1972 AND ci.person_id<2157530 AND mk.keyword_id<5622;824090
SELECT COUNT(*) FROM title t,cast_info ci WHERE t.id=ci.movie_id AND ci.person_id>798907 AND ci.role_id=1;13918707
SELECT COUNT(*) FROM title t,movie_info_idx mi_idx,movie_keyword mk WHERE t.id=mi_idx.movie_id AND t.id=mk.movie_id AND t.production_year<2004 AND mi_idx.info_type_id=99 AND mk.keyword_id>29318;673935
SELECT COUNT(*) FROM title t,movie_keyword mk WHERE t.id=mk.movie_id AND t.kind_id<7 AND t.production_year=2010 AND mk.keyword_id<84;4786
SELECT COUNT(*) FROM title t,movie_companies mc,cast_info ci WHERE t.id=mc.movie_id AND t.id=ci.movie_id AND mc.company_id<2924 AND mc.company_type_id<2;35388684
SELECT COUNT(*) FROM title t,movie_keyword mk WHERE t.id=mk.movie_id AND t.production_year=1948 AND mk.keyword_id<82180;20144
SELECT COUNT(*) FROM movie_companies mc WHERE mc.company_id=1684 AND mc.company_type_id=1;55
SELECT COUNT(*) FROM title t,movie_companies mc,movie_keyword mk WHERE t.id=mc.movie_id AND t.id=mk.movie_id AND mc.company_id>11781 AND mc.company_type_id=1;21173518
SELECT COUNT(*) FROM title t,cast_info ci WHERE t.id=ci.movie_id AND t.kind_id=1 AND ci.role_id=4;1225756
SELECT COUNT(*) FROM title t,movie_info_idx mi_idx WHERE t.id=mi_idx.movie_id AND t.kind_id<7 AND t.production_year>1971 AND mi_idx.info_type_id>100;1577263
SELECT COUNT(*) FROM title t,movie_companies mc,movie_info_idx mi_idx WHERE t.id=mc.movie_id AND t.id=mi_idx.movie_id AND mc.company_id=25653 AND mi_idx.info_type_id=100;46
SELECT COUNT(*) FROM title t,movie_companies mc,movie_info mi WHERE t.id=mc.movie_id AND t.id=mi.movie_id AND t.kind_id<7 AND t.production_year<1999 AND mc.company_id>14695 AND mc.company_type_id<2;16090918
SELECT COUNT(*) FROM title t,movie_info mi WHERE t.id=mi.movie_id AND t.kind_id=7 AND t.production_year<2012 AND mi.info_type_id>2;6098852
SELECT COUNT(*) FROM title t,movie_info mi,movie_info_idx mi_idx WHERE t.id=mi.movie_id AND t.id=mi_idx.movie_id AND t.production_year=1971;2251662
SELECT COUNT(*) FROM title t,movie_keyword mk WHERE t.id=mk.movie_id AND t.production_year>1921 AND mk.keyword_id=5537;19
SELECT COUNT(*) FROM title t,cast_info ci WHERE t.id=ci.movie_id AND t.kind_id>1 AND t.production_year<1996 AND ci.role_id<4;6544793
SELECT COUNT(*) FROM movie_keyword mk WHERE mk.keyword_id=21722;2
SELECT COUNT(*) FROM movie_companies mc WHERE mc.company_id>74220;1419110
SELECT COUNT(*) FROM title t,movie_companies mc,movie_info mi WHERE t.id=mc.movie_id AND t.id=mi.movie_id AND t.kind_id=2 AND t.production_year>1989;5093435
SELECT COUNT(*) FROM title t,movie_info mi,movie_keyword mk WHERE t.id=mi.movie_id AND t.id=mk.movie_id AND mk.keyword_id<12346;274986176
SELECT COUNT(*) FROM title t,cast_info ci,movie_info_idx mi_idx WHERE t.id=ci.movie_id AND t.id=mi_idx.movie_id AND t.production_year=2005 AND ci.person_id<2051263 AND ci.role_id>1;1668439
SELECT COUNT(*) FROM title t,movie_info_idx mi_idx,movie_keyword mk WHERE t.id=mi_idx.movie_id AND t.id=mk.movie_id AND mi_idx.info_type_id<100 AND mk.keyword_id=21400;39
SELECT COUNT(*) FROM movie_keyword mk WHERE mk.keyword_id>16359;2352536
SELECT COUNT(*) FROM movie_companies mc WHERE mc.company_id>7772 AND mc.company_type_id=1;846086
SELECT COUNT(*) FROM cast_info ci WHERE ci.person_id=2727553 AND ci.role_id>2;5
SELECT COUNT(*) FROM title t,cast_info ci WHERE t.id=ci.movie_id AND t.kind_id<7 AND t.production_year<1970 AND ci.person_id=1690420;0
SELECT COUNT(*) FROM title t,movie_info mi,movie_keyword mk WHERE t.id=mi.movie_id AND t.id=mk.movie_id AND mk.keyword_id<2849;138338653
SELECT COUNT(*) FROM title t,movie_info_idx mi_idx,movie_keyword mk WHERE t.id=mi_idx.movie_id AND t.id=mk.movie_id AND t.kind_id<7 AND mi_idx.info_type_id>100 AND mk.keyword_id<5537;10465142
SELECT COUNT(*) FROM title t,movie_companies mc,movie_keyword mk WHERE t.id=mc.movie_id AND t.id=mk.movie_id AND t.kind_id<7 AND mc.company_id>140038 AND mc.company_type_id=2;4263068
SELECT COUNT(*) FROM title t,movie_info_idx mi_idx WHERE t.id=mi_idx.movie_id AND t.kind_id=2 AND t.production_year=1980 AND mi_idx.info_type_id=100;374
SELECT COUNT(*) FROM movie_companies mc WHERE mc.company_id=53797 AND mc.company_type_id<2;1
SELECT COUNT(*) FROM title t,cast_info ci WHERE t.id=ci.movie_id AND t.kind_id<3 AND t.production_year>2010;6389152
SELECT COUNT(*) FROM title t,cast_info ci,movie_info_idx mi_idx WHERE t.id=ci.movie_id AND t.id=mi_idx.movie_id AND t.kind_id=7 AND t.production_year>1986 AND ci.person_id=3359169 AND ci.role_id>1;1
SELECT COUNT(*) FROM movie_companies mc WHERE mc.company_id=26450 AND mc.company_type_id=1;5
SELECT COUNT(*) FROM movie_companies mc WHERE mc.company_id<44130 AND mc.company_type_id<2;1921517
SELECT COUNT(*) FROM title t,movie_info mi WHERE t.id=mi.movie_id AND t.production_year=2012 AND mi.info_type_id<8;491309
SELECT COUNT(*) FROM title t,movie_companies mc WHERE t.id=mc.movie_id AND mc.company_id=159356;1
SELECT COUNT(*) FROM title t,cast_info ci,movie_keyword mk WHERE t.id=ci.movie_id AND t.id=mk.movie_id AND t.kind_id=7 AND mk.keyword_id<355;3120199
SELECT COUNT(*) FROM movie_keyword mk WHERE mk.keyword_id<6139;3418619
SELECT COUNT(*) FROM title t,movie_companies mc,movie_info mi WHERE t.id=mc.movie_id AND t.id=mi.movie_id AND t.production_year>0 AND mc.company_id<661 AND mc.company_type_id=1;16829947
SELECT COUNT(*) FROM title t,movie_companies mc,movie_keyword mk WHERE t.id=mc.movie_id AND t.id=mk.movie_id AND t.production_year>2012 AND mc.company_id>12788 AND mc.company_type_id=2 AND mk.keyword_id=9980;1
SELECT COUNT(*) FROM title t,movie_companies mc WHERE t.id=mc.movie_id AND mc.company_id>13816 AND mc.company_type_id=2;1938530
SELECT COUNT(*) FROM title t,movie_companies mc,cast_info ci WHERE t.id=mc.movie_id AND t.id=ci.movie_id AND t.kind_id=7 AND t.production_year<2011 AND mc.company_id>53326 AND ci.person_id>1111727;7332866
SELECT COUNT(*) FROM title t,movie_companies mc,movie_info mi WHERE t.id=mc.movie_id AND t.id=mi.movie_id AND t.kind_id<7 AND t.production_year>1997 AND mi.info_type_id>18;15790902
SELECT COUNT(*) FROM movie_companies mc WHERE mc.company_id>225585;190808
SELECT COUNT(*) FROM title t,movie_keyword mk WHERE t.id=mk.movie_id AND t.production_year>1973 AND mk.keyword_id<2499;1823630
SELECT COUNT(*) FROM cast_info ci WHERE ci.person_id>1856563 AND ci.role_id>1;36439548
SELECT COUNT(*) FROM title t,cast_info ci,movie_info mi WHERE t.id=ci.movie_id AND t.id=mi.movie_id AND t.production_year=1999;16753654
SELECT COUNT(*) FROM movie_keyword mk WHERE mk.keyword_id=10357;51
SELECT COUNT(*) FROM title t,movie_info mi,movie_info_idx mi_idx WHERE t.id=mi.movie_id AND t.id=mi_idx.movie_id AND t.kind_id<3 AND t.production_year=2006;6291237
SELECT COUNT(*) FROM title t,cast_info ci,movie_info mi WHERE t.id=ci.movie_id AND t.id=mi.movie_id AND ci.person_id<437596 AND ci.role_id<3;50875349
SELECT COUNT(*) FROM title t,cast_info ci WHERE t.id=ci.movie_id AND t.production_year>2003 AND ci.person_id<760114 AND ci.role_id>1;1658002
SELECT COUNT(*) FROM title t,movie_info_idx mi_idx,movie_keyword mk WHERE t.id=mi_idx.movie_id AND t.id=mk.movie_id AND t.kind_id>1 AND t.production_year>1963 AND mk.keyword_id=1878;20141
SELECT COUNT(*) FROM movie_keyword mk WHERE mk.keyword_id<3987;2890580
SELECT COUNT(*) FROM title t,movie_companies mc WHERE t.id=mc.movie_id AND t.kind_id<7 AND mc.company_id=192355;1
SELECT COUNT(*) FROM title t,movie_info_idx mi_idx,movie_keyword mk WHERE t.id=mi_idx.movie_id AND t.id=mk.movie_id AND mi_idx.info_type_id<101 AND mk.keyword_id>117;98370628
SELECT COUNT(*) FROM title t,cast_info ci WHERE t.id=ci.movie_id AND t.kind_id<7 AND t.production_year<2005 AND ci.person_id>2566289 AND ci.role_id>1;4561535
SELECT COUNT(*) FROM title t,movie_info mi,movie_keyword mk WHERE t.id=mi.movie_id AND t.id=mk.movie_id AND t.kind_id=7 AND t.production_year=1999 AND mk.keyword_id<117;9438
SELECT COUNT(*) FROM cast_info ci WHERE ci.person_id=2975038;2
SELECT COUNT(*) FROM movie_keyword mk WHERE mk.keyword_id=6107;6
SELECT COUNT(*) FROM title t,movie_companies mc,movie_keyword mk WHERE t.id=mc.movie_id AND t.id=mk.movie_id AND mc.company_id>1720;48644001
SELECT COUNT(*) FROM movie_keyword mk WHERE mk.keyword_id>38705;1230388
SELECT COUNT(*) FROM title t,movie_info_idx mi_idx,movie_keyword mk WHERE t.id=mi_idx.movie_id AND t.id=mk.movie_id AND mk.keyword_id<1037;18436476
SELECT COUNT(*) FROM movie_keyword mk WHERE mk.keyword_id>28212;1641898
SELECT COUNT(*) FROM title t WHERE t.kind_id>3 AND t.production_year=2008;117792
SELECT COUNT(*) FROM title t,cast_info ci,movie_keyword mk WHERE t.id=ci.movie_id AND t.id=mk.movie_id AND t.production_year>2004 AND ci.role_id<9 AND mk.keyword_id<5654;51493381
SELECT COUNT(*) FROM title t,movie_companies mc,cast_info ci WHERE t.id=mc.movie_id AND t.id=ci.movie_id AND t.production_year<2006 AND ci.person_id<438540 AND ci.role_id=1;4371144
SELECT COUNT(*) FROM title t,cast_info ci WHERE t.id=ci.movie_id AND t.kind_id=1 AND t.production_year=1990;109966
SELECT COUNT(*) FROM movie_keyword mk WHERE mk.keyword_id>11685;2918566
SELECT COUNT(*) FROM title t,cast_info ci WHERE t.id=ci.movie_id AND ci.person_id>3158886;27793494
SELECT COUNT(*) FROM cast_info ci WHERE ci.person_id<675588;7763917
SELECT COUNT(*) FROM title t,cast_info ci,movie_info mi WHERE t.id=ci.movie_id AND t.id=mi.movie_id AND t.kind_id>4 AND t.production_year<2003 AND ci.person_id<374943 AND ci.role_id<2 AND mi.info_type_id<4;541767
SELECT COUNT(*) FROM title t,cast_info ci WHERE t.id=ci.movie_id AND t.production_year<2006 AND ci.person_id>3558046;8710371
SELECT COUNT(*) FROM title t,movie_info_idx mi_idx,movie_keyword mk WHERE t.id=mi_idx.movie_id AND t.id=mk.movie_id AND mi_idx.info_type_id>101 AND mk.keyword_id=13203;80
SELECT COUNT(*) FROM title t,cast_info ci,movie_info_idx mi_idx WHERE t.id=ci.movie_id AND t.id=mi_idx.movie_id AND t.kind_id=7 AND ci.person_id=2114770 AND mi_idx.info_type_id=100;0
SELECT COUNT(*) FROM title t,cast_info ci,movie_info mi WHERE t.id=ci.movie_id AND t.id=mi.movie_id AND ci.person_id>1775489 AND mi.info_type_id>4;498088040
SELECT COUNT(*) FROM title t,movie_keyword mk WHERE t.id=mk.movie_id AND t.kind_id>4 AND t.production_year=2004;37586
SELECT COUNT(*) FROM movie_companies mc WHERE mc.company_id<704 AND mc.company_type_id>1;314912
SELECT COUNT(*) FROM title t,cast_info ci WHERE t.id=ci.movie_id AND ci.person_id<1294691 AND ci.role_id>4;2101569
SELECT COUNT(*) FROM title t,cast_info ci,movie_info mi WHERE t.id=ci.movie_id AND t.id=mi.movie_id AND t.kind_id<7 AND ci.person_id=2411392 AND mi.info_type_id=3;14
SELECT COUNT(*) FROM title t,cast_info ci WHERE t.id=ci.movie_id AND ci.person_id>261619 AND ci.role_id=9;2035070
SELECT COUNT(*) FROM title t,cast_info ci,movie_info mi WHERE t.id=ci.movie_id AND t.id=mi.movie_id AND t.kind_id<7 AND ci.role_id=2;108716571
SELECT COUNT(*) FROM title t,cast_info ci,movie_info_idx mi_idx WHERE t.id=ci.movie_id AND t.id=mi_idx.movie_id AND t.kind_id<6 AND t.production_year=2007 AND ci.person_id<56790 AND mi_idx.info_type_id=99;3642
SELECT COUNT(*) FROM title t,movie_keyword mk WHERE t.id=mk.movie_id AND mk.keyword_id=48495;4
SELECT COUNT(*) FROM cast_info ci WHERE ci.person_id<3712293 AND ci.role_id<8;36586631
SELECT COUNT(*) FROM title t,movie_companies mc,cast_info ci WHERE t.id=mc.movie_id AND t.id=ci.movie_id AND t.kind_id<7 AND t.production_year<2012 AND ci.person_id>2921629 AND ci.role_id<10;18321525
SELECT COUNT(*) FROM title t,cast_info ci WHERE t.id=ci.movie_id AND ci.person_id>3995415;19486617
SELECT COUNT(*) FROM movie_companies mc WHERE mc.company_id=4625 AND mc.company_type_id=1;5
SELECT COUNT(*) FROM title t,cast_info ci WHERE t.id=ci.movie_id AND t.kind_id<7 AND ci.person_id<3490049 AND ci.role_id>1;6199058
SELECT COUNT(*) FROM title t,cast_info ci,movie_keyword mk WHERE t.id=ci.movie_id AND t.id=mk.movie_id AND t.kind_id<4 AND t.production_year=2004 AND ci.person_id<627326 AND mk.keyword_id<7776;494594
SELECT COUNT(*) FROM title t,movie_info_idx mi_idx,movie_keyword mk WHERE t.id=mi_idx.movie_id AND t.id=mk.movie_id AND t.kind_id=1 AND t.production_year<2010 AND mi_idx.info_type_id>100 AND mk.keyword_id<13391;10302907
SELECT COUNT(*) FROM cast_info ci WHERE ci.person_id>1669396 AND ci.role_id<2;7601222
SELECT COUNT(*) FROM cast_info ci WHERE ci.person_id<3169524;35185528
SELECT COUNT(*) FROM title t,movie_info_idx mi_idx,movie_keyword mk WHERE t.id=mi_idx.movie_id AND t.id=mk.movie_id AND mi_idx.info_type_id=101 AND mk.keyword_id<11997;3365061
SELECT COUNT(*) FROM movie_companies mc WHERE mc.company_id>16339 AND mc.company_type_id=2;1886247
SELECT COUNT(*) FROM title t,movie_info_idx mi_idx,movie_keyword mk WHERE t.id=mi_idx.movie_id AND t.id=mk.movie_id AND t.production_year<2003 AND mk.keyword_id=4926;226
SELECT COUNT(*) FROM title t,cast_info ci,movie_keyword mk WHERE t.id=ci.movie_id AND t.id=mk.movie_id AND t.kind_id=1 AND ci.person_id<1799274 AND ci.role_id<10 AND mk.keyword_id>12888;29296282
SELECT COUNT(*) FROM title t,movie_keyword mk WHERE t.id=mk.movie_id AND t.kind_id=4 AND t.production_year<2007 AND mk.keyword_id=599;0
SELECT COUNT(*) FROM title t,cast_info ci WHERE t.id=ci.movie_id AND t.production_year>1951 AND ci.role_id>2;28286224
SELECT COUNT(*) FROM title t,cast_info ci,movie_keyword mk WHERE t.id=ci.movie_id AND t.id=mk.movie_id AND mk.keyword_id<6069;162664880
SELECT COUNT(*) FROM cast_info ci WHERE ci.person_id<908593;10436465
SELECT COUNT(*) FROM title t,cast_info ci,movie_keyword mk WHERE t.id=ci.movie_id AND t.id=mk.movie_id AND t.kind_id=6 AND t.production_year<2002 AND ci.person_id>2403322 AND ci.role_id>3;646680
SELECT COUNT(*) FROM movie_companies mc WHERE mc.company_id<262;557123
SELECT COUNT(*) FROM title t,movie_companies mc WHERE t.id=mc.movie_id AND mc.company_id<24123;2825008
SELECT COUNT(*) FROM title t,movie_companies mc,movie_info mi WHERE t.id=mc.movie_id AND t.id=mi.movie_id AND t.kind_id<7 AND t.production_year<1965;16227074
SELECT COUNT(*) FROM cast_info ci WHERE ci.person_id<894226 AND ci.role_id=1;7031668
SELECT COUNT(*) FROM title t,movie_companies mc,cast_info ci WHERE t.id=mc.movie_id AND t.id=ci.movie_id AND t.kind_id=2 AND ci.person_id>2797869 AND ci.role_id=8;150334
SELECT COUNT(*) FROM movie_keyword mk WHERE mk.keyword_id>9843;3222418
SELECT COUNT(*) FROM title t,movie_info_idx mi_idx,movie_keyword mk WHERE t.id=mi_idx.movie_id AND t.id=mk.movie_id AND t.production_year=2009 AND mk.keyword_id<32550;3374488
SELECT COUNT(*) FROM title t,cast_info ci WHERE t.id=ci.movie_id AND t.kind_id<7 AND t.production_year>1991 AND ci.person_id<3281297;8937741
SELECT COUNT(*) FROM title t,movie_info mi,movie_keyword mk WHERE t.id=mi.movie_id AND t.id=mk.movie_id AND t.production_year=2010 AND mk.keyword_id<20875;10095737
SELECT COUNT(*) FROM title t,movie_keyword mk WHERE t.id=mk.movie_id AND t.kind_id>1 AND t.production_year<2011 AND mk.keyword_id<5761;1018644
SELECT COUNT(*) FROM movie_keyword mk WHERE mk.keyword_id=4776;13
SELECT COUNT(*) FROM movie_companies mc WHERE mc.company_id=1861;49
SELECT COUNT(*) FROM title t,movie_info mi,movie_keyword mk WHERE t.id=mi.movie_id AND t.id=mk.movie_id AND t.kind_id=1 AND t.production_year>2008 AND mi.info_type_id=7 AND mk.keyword_id<13399;2571105
SELECT COUNT(*) FROM title t,movie_keyword mk WHERE t.id=mk.movie_id AND t.production_year=2000 AND mk.keyword_id>18607;38668
SELECT COUNT(*) FROM title t,movie_info mi,movie_info_idx mi_idx WHERE t.id=mi.movie_id AND t.id=mi_idx.movie_id AND t.kind_id>1 AND t.production_year<2010;89555269
SELECT COUNT(*) FROM title t,movie_info mi,movie_info_idx mi_idx WHERE t.id=mi.movie_id AND t.id=mi_idx.movie_id AND t.kind_id=1 AND t.production_year<2012 AND mi.info_type_id>16;68310206
SELECT COUNT(*) FROM title t,movie_info_idx mi_idx,movie_keyword mk WHERE t.id=mi_idx.movie_id AND t.id=mk.movie_id AND mi_idx.info_type_id>99 AND mk.keyword_id>11681;12716482
SELECT COUNT(*) FROM title t,movie_keyword mk WHERE t.id=mk.movie_id AND mk.keyword_id>16192;2367039
SELECT COUNT(*) FROM title t,movie_companies mc,movie_keyword mk WHERE t.id=mc.movie_id AND t.id=mk.movie_id AND t.kind_id=2 AND t.production_year<1979;193591
SELECT COUNT(*) FROM movie_keyword mk WHERE mk.keyword_id<52025;6537187
SELECT COUNT(*) FROM title t,movie_companies mc WHERE t.id=mc.movie_id AND t.kind_id<7 AND t.production_year<1985 AND mc.company_type_id=2;378099
SELECT COUNT(*) FROM title t,movie_info_idx mi_idx,movie_keyword mk WHERE t.id=mi_idx.movie_id AND t.id=mk.movie_id AND t.production_year=2011 AND mk.keyword_id>7778;1854419
SELECT COUNT(*) FROM title t,movie_companies mc,cast_info ci WHERE t.id=mc.movie_id AND t.id=ci.movie_id AND t.kind_id=4 AND t.production_year<2011 AND mc.company_id>3139 AND mc.company_type_id<2;1411131
SELECT COUNT(*) FROM title t,movie_info_idx mi_idx,movie_keyword mk WHERE t.id=mi_idx.movie_id AND t.id=mk.movie_id AND t.kind_id=7 AND mk.keyword_id>16264;6690328
SELECT COUNT(*) FROM title t,cast_info ci WHERE t.id=ci.movie_id AND ci.person_id>2626123;33275188
SELECT COUNT(*) FROM movie_keyword mk WHERE mk.keyword_id>44471;1087483
SELECT COUNT(*) FROM title t,cast_info ci WHERE t.id=ci.movie_id AND ci.person_id>1807968 AND ci.role_id>1;35794216
SELECT COUNT(*) FROM title t,movie_companies mc,movie_info_idx mi_idx WHERE t.id=mc.movie_id AND t.id=mi_idx.movie_id AND t.kind_id=7 AND t.production_year=1976 AND mi_idx.info_type_id=99;4366
SELECT COUNT(*) FROM cast_info ci WHERE ci.person_id=1022088 AND ci.role_id=1;1
SELECT COUNT(*) FROM cast_info ci WHERE ci.person_id<2578472;28930185
SELECT COUNT(*) FROM title t,movie_info mi WHERE t.id=mi.movie_id AND t.kind_id>1 AND t.production_year=2001 AND mi.info_type_id=4;26479
SELECT COUNT(*) FROM movie_keyword mk WHERE mk.keyword_id<1613;1682128
SELECT COUNT(*) FROM movie_companies mc WHERE mc.company_id>11264;2794629
SELECT COUNT(*) FROM title t,movie_keyword mk WHERE t.id=mk.movie_id AND t.production_year<2009 AND mk.keyword_id<51928;4451460
SELECT COUNT(*) FROM title t,cast_info ci,movie_info_idx mi_idx WHERE t.id=ci.movie_id AND t.id=mi_idx.movie_id AND ci.person_id>188560;449720826
SELECT COUNT(*) FROM title t,movie_companies mc,movie_info mi WHERE t.id=mc.movie_id AND t.id=mi.movie_id AND t.kind_id>3 AND t.production_year<2012 AND mc.company_id<71838 AND mi.info_type_id<7;3687958
SELECT COUNT(*) FROM movie_companies mc WHERE mc.company_id<41835;3277970
SELECT COUNT(*) FROM title t,cast_info ci WHERE t.id=ci.movie_id AND ci.person_id<1102320 AND ci.role_id=2;1761
SELECT COUNT(*) FROM title t,cast_info ci WHERE t.id=ci.movie_id AND ci.person_id>3468862 AND ci.role_id>1;24797068
SELECT COUNT(*) FROM title t,cast_info ci,movie_keyword mk WHERE t.id=ci.movie_id AND t.id=mk.movie_id AND t.kind_id<7 AND t.production_year>2011 AND ci.person_id<175762;1915949
SELECT COUNT(*) FROM title t,cast_info ci,movie_info_idx mi_idx WHERE t.id=ci.movie_id AND t.id=mi_idx.movie_id AND ci.person_id>509542 AND ci.role_id>3 AND mi_idx.info_type_id>101;22525587
SELECT COUNT(*) FROM title t,movie_companies mc WHERE t.id=mc.movie_id AND t.kind_id=7 AND t.production_year>2004 AND mc.company_id=4223;0
SELECT COUNT(*) FROM title t,movie_companies mc,cast_info ci WHERE t.id=mc.movie_id AND t.id=ci.movie_id AND t.kind_id>3 AND t.production_year<2011;35907947
SELECT COUNT(*) FROM title t,movie_info mi,movie_info_idx mi_idx WHERE t.id=mi.movie_id AND t.id=mi_idx.movie_id AND t.kind_id>1 AND t.production_year<1986;25963727
SELECT COUNT(*) FROM title t,movie_companies mc,movie_keyword mk WHERE t.id=mc.movie_id AND t.id=mk.movie_id AND t.production_year=2013 AND mc.company_id=6 AND mk.keyword_id<135;0
SELECT COUNT(*) FROM title t,cast_info ci WHERE t.id=ci.movie_id AND t.production_year<2012 AND ci.role_id>3;13730935
SELECT COUNT(*) FROM movie_keyword mk WHERE mk.keyword_id=5064;12
SELECT COUNT(*) FROM movie_keyword mk WHERE mk.keyword_id<14348;4916875
SELECT COUNT(*) FROM title t,movie_info mi,movie_keyword mk WHERE t.id=mi.movie_id AND t.id=mk.movie_id AND t.production_year=2008 AND mk.keyword_id<28744;11991831
SELECT COUNT(*) FROM title t,movie_keyword mk WHERE t.id=mk.movie_id AND t.kind_id<7 AND t.production_year<2005 AND mk.keyword_id<17591;2544455
SELECT COUNT(*) FROM title t,movie_companies mc,cast_info ci WHERE t.id=mc.movie_id AND t.id=ci.movie_id AND t.kind_id<7 AND t.production_year>1980 AND mc.company_type_id=2 AND ci.person_id>2726262 AND ci.role_id>1;13434060
SELECT COUNT(*) FROM title t,cast_info ci,movie_info_idx mi_idx WHERE t.id=ci.movie_id AND t.id=mi_idx.movie_id AND t.production_year<2010 AND ci.role_id<10;252298784
SELECT COUNT(*) FROM movie_keyword mk WHERE mk.keyword_id>286;6999135
SELECT COUNT(*) FROM title t,movie_companies mc,movie_keyword mk WHERE t.id=mc.movie_id AND t.id=mk.movie_id AND t.kind_id<7 AND t.production_year>1948 AND mc.company_id>9327 AND mk.keyword_id=2873;115
SELECT COUNT(*) FROM title t,movie_info_idx mi_idx,movie_keyword mk WHERE t.id=mi_idx.movie_id AND t.id=mk.movie_id AND t.kind_id>1 AND t.production_year>2012 AND mi_idx.info_type_id>99 AND mk.keyword_id>71605;153707
SELECT COUNT(*) FROM cast_info ci WHERE ci.person_id=3978030 AND ci.role_id>5;0
SELECT COUNT(*) FROM title t,movie_info_idx mi_idx,movie_keyword mk WHERE t.id=mi_idx.movie_id AND t.id=mk.movie_id AND t.kind_id=1 AND t.production_year<2013 AND mk.keyword_id=13738;208
SELECT COUNT(*) FROM movie_companies mc WHERE mc.company_id=37285 AND mc.company_type_id<2;17
SELECT COUNT(*) FROM title t,cast_info ci WHERE t.id=ci.movie_id AND ci.person_id=247105 AND ci.role_id<5;34
SELECT COUNT(*) FROM title t,movie_keyword mk WHERE t.id=mk.movie_id AND mk.keyword_id=58642;37
SELECT COUNT(*) FROM title t,movie_companies mc,movie_info mi WHERE t.id=mc.movie_id AND t.id=mi.movie_id AND t.kind_id>1 AND t.production_year=1987 AND mi.info_type_id>7;246683
SELECT COUNT(*) FROM title t,cast_info ci,movie_info_idx mi_idx WHERE t.id=ci.movie_id AND t.id=mi_idx.movie_id AND ci.person_id>1692308 AND ci.role_id=6;7779503
SELECT COUNT(*) FROM title t,cast_info ci,movie_keyword mk WHERE t.id=ci.movie_id AND t.id=mk.movie_id AND t.kind_id=7 AND t.production_year>0 AND mk.keyword_id>12881;26184119
SELECT COUNT(*) FROM title t,movie_info mi,movie_keyword mk WHERE t.id=mi.movie_id AND t.id=mk.movie_id AND t.production_year<2004 AND mi.info_type_id=6;3232113
SELECT COUNT(*) FROM cast_info ci WHERE ci.person_id=668040;1
SELECT COUNT(*) FROM cast_info ci WHERE ci.person_id<203833 AND ci.role_id=9;38982
SELECT COUNT(*) FROM title t,movie_companies mc,movie_info_idx mi_idx WHERE t.id=mc.movie_id AND t.id=mi_idx.movie_id AND t.kind_id=7 AND t.production_year>1965 AND mi_idx.info_type_id<100;9264928
SELECT COUNT(*) FROM title t,cast_info ci WHERE t.id=ci.movie_id AND t.kind_id>3 AND t.production_year=1978;161868
SELECT COUNT(*) FROM title t,movie_info mi WHERE t.id=mi.movie_id AND t.kind_id>3 AND t.production_year<2002 AND mi.info_type_id>2;3858357
SELECT COUNT(*) FROM movie_keyword mk WHERE mk.keyword_id<12762;4715793
SELECT COUNT(*) FROM cast_info ci WHERE ci.person_id=419543 AND ci.role_id=10;0
SELECT COUNT(*) FROM title t,cast_info ci,movie_info mi WHERE t.id=ci.movie_id AND t.id=mi.movie_id AND ci.person_id=1302987 AND ci.role_id>10;0
SELECT COUNT(*) FROM title t,movie_companies mc,movie_info mi WHERE t.id=mc.movie_id AND t.id=mi.movie_id AND t.kind_id=1 AND t.production_year=1980;776431
SELECT COUNT(*) FROM title t,movie_info_idx mi_idx WHERE t.id=mi_idx.movie_id AND t.kind_id>1 AND t.production_year>1992;9239839
SELECT COUNT(*) FROM cast_info ci WHERE ci.person_id<3125024 AND ci.role_id=1;20490752
SELECT COUNT(*) FROM title t,movie_keyword mk WHERE t.id=mk.movie_id AND t.kind_id=7 AND t.production_year<2013 AND mk.keyword_id=20342;3
SELECT COUNT(*) FROM title t,movie_info mi,movie_keyword mk WHERE t.id=mi.movie_id AND t.id=mk.movie_id AND t.kind_id<7 AND t.production_year=1975;2606033
SELECT COUNT(*) FROM title t,movie_keyword mk WHERE t.id=mk.movie_id AND t.kind_id<3 AND t.production_year=1986 AND mk.keyword_id>8711;19702
SELECT COUNT(*) FROM title t,movie_info_idx mi_idx,movie_keyword mk WHERE t.id=mi_idx.movie_id AND t.id=mk.movie_id AND t.production_year<2005 AND mi_idx.info_type_id>100 AND mk.keyword_id>44842;2182741
SELECT COUNT(*) FROM title t,movie_companies mc,movie_keyword mk WHERE t.id=mc.movie_id AND t.id=mk.movie_id AND t.kind_id=7 AND mc.company_id<1971 AND mc.company_type_id>1;519104
SELECT COUNT(*) FROM title t,cast_info ci WHERE t.id=ci.movie_id AND t.production_year<1915 AND ci.role_id>10;156
SELECT COUNT(*) FROM title t,movie_info mi,movie_info_idx mi_idx WHERE t.id=mi.movie_id AND t.id=mi_idx.movie_id AND t.kind_id>1 AND t.production_year=2003 AND mi_idx.info_type_id<100;2554801
SELECT COUNT(*) FROM title t,movie_companies mc,cast_info ci WHERE t.id=mc.movie_id AND t.id=ci.movie_id AND t.kind_id>4 AND t.production_year<2012 AND mc.company_type_id>1 AND ci.role_id<3;10114183
SELECT COUNT(*) FROM title t,movie_info mi,movie_keyword mk WHERE t.id=mi.movie_id AND t.id=mk.movie_id AND mi.info_type_id<4 AND mk.keyword_id>4853;16088936
SELECT COUNT(*) FROM title t,movie_companies mc,movie_info mi WHERE t.id=mc.movie_id AND t.id=mi.movie_id AND t.kind_id<7 AND t.production_year>2006 AND mc.company_id<27 AND mc.company_type_id>1 AND mi.info_type_id=6;86
SELECT COUNT(*) FROM movie_keyword mk WHERE mk.keyword_id>22180;1943253
SELECT COUNT(*) FROM title t,movie_info_idx mi_idx,movie_keyword mk WHERE t.id=mi_idx.movie_id AND t.id=mk.movie_id AND t.production_year=2010 AND mi_idx.info_type_id<101 AND mk.keyword_id<6848;1389211
SELECT COUNT(*) FROM title t,movie_info mi,movie_keyword mk WHERE t.id=mi.movie_id AND t.id=mk.movie_id AND t.kind_id<7 AND mi.info_type_id<3 AND mk.keyword_id=16016;365
SELECT COUNT(*) FROM title t,cast_info ci WHERE t.id=ci.movie_id AND ci.person_id>2348734 AND ci.role_id>10;436319
SELECT COUNT(*) FROM cast_info ci WHERE ci.person_id>2494362;35527429
SELECT COUNT(*) FROM title t,cast_info ci,movie_info mi WHERE t.id=ci.movie_id AND t.id=mi.movie_id AND t.kind_id>1 AND t.production_year<2000 AND mi.info_type_id>7;68514518
SELECT COUNT(*) FROM title t,movie_companies mc WHERE t.id=mc.movie_id AND t.kind_id>1 AND t.production_year<2008 AND mc.company_id<3111 AND mc.company_type_id=1;443249
SELECT COUNT(*) FROM title t,movie_info mi,movie_info_idx mi_idx WHERE t.id=mi.movie_id AND t.id=mi_idx.movie_id AND t.production_year>2003 AND mi.info_type_id>18;38419605
SELECT COUNT(*) FROM title t,movie_keyword mk WHERE t.id=mk.movie_id AND mk.keyword_id<229;403108
SELECT COUNT(*) FROM movie_keyword mk WHERE mk.keyword_id>9553;3276877
SELECT COUNT(*) FROM title t,cast_info ci,movie_keyword mk WHERE t.id=ci.movie_id AND t.id=mk.movie_id AND ci.person_id>3322213 AND ci.role_id>2 AND mk.keyword_id>4030;68441645
SELECT COUNT(*) FROM movie_keyword mk WHERE mk.keyword_id>2926;5002289
SELECT COUNT(*) FROM title t,movie_keyword mk WHERE t.id=mk.movie_id AND t.kind_id=1 AND t.production_year<2004 AND mk.keyword_id<4214;1018109
SELECT COUNT(*) FROM title t,movie_companies mc,cast_info ci WHERE t.id=mc.movie_id AND t.id=ci.movie_id AND t.kind_id=7 AND t.production_year<2010 AND mc.company_id=76590 AND mc.company_type_id>1;0
SELECT COUNT(*) FROM movie_keyword mk WHERE mk.keyword_id>27850;1652610
SELECT COUNT(*) FROM title t,movie_companies mc WHERE t.id=mc.movie_id AND t.production_year=1998 AND mc.company_type_id=1;27626
SELECT COUNT(*) FROM movie_companies mc WHERE mc.company_id=7108;5
SELECT COUNT(*) FROM title t,movie_companies mc,movie_keyword mk WHERE t.id=mc.movie_id AND t.id=mk.movie_id AND mk.keyword_id<5557;27482635
SELECT COUNT(*) FROM title t,movie_companies mc,movie_info mi WHERE t.id=mc.movie_id AND t.id=mi.movie_id AND t.kind_id=7 AND t.production_year<2012 AND mc.company_id<49351 AND mi.info_type_id>7;7021124
SELECT COUNT(*) FROM title t,movie_info mi WHERE t.id=mi.movie_id AND t.kind_id>1 AND t.production_year<2009 AND mi.info_type_id=18;416237
SELECT COUNT(*) FROM movie_companies mc WHERE mc.company_id>14947 AND mc.company_type_id>1;1919983
SELECT COUNT(*) FROM title t,movie_keyword mk WHERE t.id=mk.movie_id AND mk.keyword_id>245;6995015
SELECT COUNT(*) FROM movie_companies mc WHERE mc.company_id<3263 AND mc.company_type_id=1;1005642
SELECT COUNT(*) FROM title t,movie_info_idx mi_idx WHERE t.id=mi_idx.movie_id AND t.kind_id=7 AND t.production_year>0;8137231
SELECT COUNT(*) FROM title t,movie_keyword mk WHERE t.id=mk.movie_id AND mk.keyword_id=6854;1903
SELECT COUNT(*) FROM movie_keyword mk WHERE mk.keyword_id=6507;364
SELECT COUNT(*) FROM title t,movie_info_idx mi_idx,movie_keyword mk WHERE t.id=mi_idx.movie_id AND t.id=mk.movie_id AND mk.keyword_id>43;126282173
SELECT COUNT(*) FROM cast_info ci WHERE ci.person_id=2217115;6
SELECT COUNT(*) FROM title t,movie_keyword mk WHERE t.id=mk.movie_id AND mk.keyword_id=129510;2
SELECT COUNT(*) FROM title t,movie_companies mc WHERE t.id=mc.movie_id AND mc.company_id=8595 AND mc.company_type_id=2;1
SELECT COUNT(*) FROM movie_companies mc WHERE mc.company_id<2191 AND mc.company_type_id>1;506065
SELECT COUNT(*) FROM title t,movie_info_idx mi_idx,movie_keyword mk WHERE t.id=mi_idx.movie_id AND t.id=mk.movie_id AND t.kind_id=7 AND mk.keyword_id>117;16101779
SELECT COUNT(*) FROM title t WHERE t.kind_id<4 AND t.production_year>1994;848956
SELECT COUNT(*) FROM title t,movie_info mi,movie_info_idx mi_idx WHERE t.id=mi.movie_id AND t.id=mi_idx.movie_id AND t.kind_id=7 AND t.production_year<2011 AND mi.info_type_id<3;6130794
SELECT COUNT(*) FROM title t,cast_info ci,movie_keyword mk WHERE t.id=ci.movie_id AND t.id=mk.movie_id AND t.kind_id=7 AND ci.person_id<799752;8917410
SELECT COUNT(*) FROM title t,movie_info_idx mi_idx,movie_keyword mk WHERE t.id=mi_idx.movie_id AND t.id=mk.movie_id AND mk.keyword_id>7990;61291957
SELECT COUNT(*) FROM title t,movie_companies mc,movie_info mi WHERE t.id=mc.movie_id AND t.id=mi.movie_id AND t.kind_id>1 AND t.production_year=1984 AND mc.company_id>2415;120986
SELECT COUNT(*) FROM title t,movie_info_idx mi_idx,movie_keyword mk WHERE t.id=mi_idx.movie_id AND t.id=mk.movie_id AND mi_idx.info_type_id<101 AND mk.keyword_id>7877;49065381
SELECT COUNT(*) FROM title t,movie_info_idx mi_idx,movie_keyword mk WHERE t.id=mi_idx.movie_id AND t.id=mk.movie_id AND mk.keyword_id=6469;27732
SELECT COUNT(*) FROM title t,movie_companies mc,movie_info_idx mi_idx WHERE t.id=mc.movie_id AND t.id=mi_idx.movie_id AND t.production_year>0 AND mc.company_type_id=1;30138994
SELECT COUNT(*) FROM title t,cast_info ci WHERE t.id=ci.movie_id AND t.production_year>2003 AND ci.role_id=4;2972358
SELECT COUNT(*) FROM movie_keyword mk WHERE mk.keyword_id<5182;3249648
SELECT COUNT(*) FROM title t,movie_companies mc WHERE t.id=mc.movie_id AND t.kind_id=1 AND t.production_year>2007 AND mc.company_type_id=2;379146
SELECT COUNT(*) FROM title t,movie_keyword mk WHERE t.id=mk.movie_id AND t.kind_id=7 AND t.production_year>2008 AND mk.keyword_id=21508;7
SELECT COUNT(*) FROM title t,cast_info ci,movie_keyword mk WHERE t.id=ci.movie_id AND t.id=mk.movie_id AND t.kind_id>1 AND t.production_year<2005 AND mk.keyword_id<10571;23113942
SELECT COUNT(*) FROM title t,movie_companies mc,movie_info mi WHERE t.id=mc.movie_id AND t.id=mi.movie_id AND mc.company_id>1070 AND mc.company_type_id=1 AND mi.info_type_id=8;1490360
SELECT COUNT(*) FROM title t,movie_keyword mk WHERE t.id=mk.movie_id AND t.kind_id=7 AND t.production_year>1961;1508770
SELECT COUNT(*) FROM title t,movie_info_idx mi_idx,movie_keyword mk WHERE t.id=mi_idx.movie_id AND t.id=mk.movie_id AND t.kind_id>4 AND mk.keyword_id=21645;163
SELECT COUNT(*) FROM title t,movie_companies mc,cast_info ci WHERE t.id=mc.movie_id AND t.id=ci.movie_id AND t.kind_id=7 AND mc.company_id>8558 AND mc.company_type_id>1 AND ci.person_id<3675948 AND ci.role_id<10;11164291
SELECT COUNT(*) FROM title t,movie_companies mc,movie_info_idx mi_idx WHERE t.id=mc.movie_id AND t.id=mi_idx.movie_id AND t.kind_id<7 AND t.production_year>1987 AND mc.company_type_id=1 AND mi_idx.info_type_id>99;3875886
SELECT COUNT(*) FROM title t,movie_companies mc,cast_info ci WHERE t.id=mc.movie_id AND t.id=ci.movie_id AND t.kind_id=7 AND t.production_year<2011 AND ci.person_id<2999684 AND ci.role_id>2;6488319
SELECT COUNT(*) FROM title t,movie_companies mc,cast_info ci WHERE t.id=mc.movie_id AND t.id=ci.movie_id AND t.production_year>0 AND mc.company_id<30240 AND mc.company_type_id<2;72573680
SELECT COUNT(*) FROM title t,cast_info ci,movie_info_idx mi_idx WHERE t.id=ci.movie_id AND t.id=mi_idx.movie_id AND t.kind_id=7 AND ci.role_id<8;142871403
SELECT COUNT(*) FROM title t,movie_keyword mk WHERE t.id=mk.movie_id AND t.kind_id>1 AND t.production_year>1999;2184261
SELECT COUNT(*) FROM title t,movie_info mi,movie_keyword mk WHERE t.id=mi.movie_id AND t.id=mk.movie_id AND t.production_year<2000 AND mk.keyword_id=870;438
SELECT COUNT(*) FROM title t,cast_info ci,movie_info_idx mi_idx WHERE t.id=ci.movie_id AND t.id=mi_idx.movie_id AND t.kind_id>1 AND t.production_year>2008 AND mi_idx.info_type_id>99;24894152
SELECT COUNT(*) FROM title t,movie_companies mc,movie_info_idx mi_idx WHERE t.id=mc.movie_id AND t.id=mi_idx.movie_id AND t.kind_id=7 AND t.production_year=1982;85191
SELECT COUNT(*) FROM movie_companies mc WHERE mc.company_id<13981;2272406
SELECT COUNT(*) FROM title t,movie_companies mc WHERE t.id=mc.movie_id AND t.kind_id=7 AND t.production_year>2011 AND mc.company_id<3139 AND mc.company_type_id>1;116029
SELECT COUNT(*) FROM title t,movie_keyword mk WHERE t.id=mk.movie_id AND mk.keyword_id<245;424899
SELECT COUNT(*) FROM movie_companies mc WHERE mc.company_id<12566 AND mc.company_type_id>1;923841
SELECT COUNT(*) FROM title t,movie_info_idx mi_idx WHERE t.id=mi_idx.movie_id AND t.kind_id=2 AND t.production_year<2008;648043
SELECT COUNT(*) FROM title t,movie_companies mc,cast_info ci WHERE t.id=mc.movie_id AND t.id=ci.movie_id AND t.kind_id=3 AND mc.company_id=2096 AND mc.company_type_id>1;0
SELECT COUNT(*) FROM title t,movie_companies mc WHERE t.id=mc.movie_id AND t.production_year<2011 AND mc.company_id=5636 AND mc.company_type_id=1;146
SELECT COUNT(*) FROM movie_keyword mk WHERE mk.keyword_id=7577;423
SELECT COUNT(*) FROM title t,movie_info mi,movie_keyword mk WHERE t.id=mi.movie_id AND t.id=mk.movie_id AND mk.keyword_id=1767;14809
SELECT COUNT(*) FROM movie_keyword mk WHERE mk.keyword_id<14963;4956556
SELECT COUNT(*) FROM title t,cast_info ci WHERE t.id=ci.movie_id AND t.production_year<2011 AND ci.role_id<4;25178168
SELECT COUNT(*) FROM movie_keyword mk WHERE mk.keyword_id<21640;5514664
SELECT COUNT(*) FROM movie_keyword mk WHERE mk.keyword_id=65408;17
SELECT COUNT(*) FROM title t,movie_info_idx mi_idx WHERE t.id=mi_idx.movie_id AND t.production_year=1954 AND mi_idx.info_type_id<101;55323
SELECT COUNT(*) FROM title t,cast_info ci WHERE t.id=ci.movie_id AND t.kind_id<7 AND t.production_year>2005 AND ci.person_id=238220 AND ci.role_id<3;21
SELECT COUNT(*) FROM title t,movie_info_idx mi_idx,movie_keyword mk WHERE t.id=mi_idx.movie_id AND t.id=mk.movie_id AND t.kind_id<7 AND mk.keyword_id>3311;71015040
SELECT COUNT(*) FROM title t,movie_companies mc,movie_info mi WHERE t.id=mc.movie_id AND t.id=mi.movie_id AND t.production_year<2007 AND mc.company_id>17357 AND mc.company_type_id=2;15409306
SELECT COUNT(*) FROM title t,movie_info mi,movie_keyword mk WHERE t.id=mi.movie_id AND t.id=mk.movie_id AND t.kind_id=4 AND mi.info_type_id>16 AND mk.keyword_id<6732;1356503
SELECT COUNT(*) FROM title t,movie_companies mc WHERE t.id=mc.movie_id AND mc.company_id<184491;4600900
SELECT COUNT(*) FROM cast_info ci WHERE ci.person_id<123439 AND ci.role_id>10;4915
SELECT COUNT(*) FROM movie_companies mc WHERE mc.company_id<153122 AND mc.company_type_id>1;2461828
SELECT COUNT(*) FROM title t,cast_info ci,movie_info mi WHERE t.id=ci.movie_id AND t.id=mi.movie_id AND t.kind_id>1 AND t.production_year>2007 AND ci.role_id=9;4499010
SELECT COUNT(*) FROM title t,movie_companies mc WHERE t.id=mc.movie_id AND t.production_year>2012 AND mc.company_id>19 AND mc.company_type_id=2;672509
SELECT COUNT(*) FROM title t,movie_info mi,movie_info_idx mi_idx WHERE t.id=mi.movie_id AND t.id=mi_idx.movie_id AND t.kind_id=7 AND mi.info_type_id>92 AND mi_idx.info_type_id=100;1697329
SELECT COUNT(*) FROM title t,cast_info ci WHERE t.id=ci.movie_id AND ci.person_id<2885259 AND ci.role_id>9;1483572
SELECT COUNT(*) FROM title t,cast_info ci WHERE t.id=ci.movie_id AND ci.person_id<295889 AND ci.role_id>10;12858
SELECT COUNT(*) FROM title t,movie_companies mc WHERE t.id=mc.movie_id AND t.kind_id=7 AND t.production_year=2000 AND mc.company_id>35453 AND mc.company_type_id=2;13087
SELECT COUNT(*) FROM title t,movie_companies mc WHERE t.id=mc.movie_id AND mc.company_id<9557;2042920
SELECT COUNT(*) FROM title t,movie_keyword mk WHERE t.id=mk.movie_id AND t.production_year<1985;1913039
SELECT COUNT(*) FROM movie_keyword mk WHERE mk.keyword_id>1762;5678774
SELECT COUNT(*) FROM title t,movie_info mi,movie_keyword mk WHERE t.id=mi.movie_id AND t.id=mk.movie_id AND t.kind_id<7 AND t.production_year=1969 AND mk.keyword_id=1002;0
SELECT COUNT(*) FROM title t,movie_companies mc,cast_info ci WHERE t.id=mc.movie_id AND t.id=ci.movie_id AND t.kind_id<7 AND t.production_year<2006 AND mc.company_id<78506 AND ci.person_id=2730455 AND ci.role_id>2;0
SELECT COUNT(*) FROM title t,movie_companies mc WHERE t.id=mc.movie_id AND t.production_year<1993 AND mc.company_id>12472 AND mc.company_type_id=2;516220
SELECT COUNT(*) FROM title t,cast_info ci,movie_info mi WHERE t.id=ci.movie_id AND t.id=mi.movie_id AND t.production_year=1956 AND mi.info_type_id=4;128451
SELECT COUNT(*) FROM title t,cast_info ci,movie_info mi WHERE t.id=ci.movie_id AND t.id=mi.movie_id AND ci.person_id<626360 AND ci.role_id<2;73837346
SELECT COUNT(*) FROM title t,cast_info ci,movie_keyword mk WHERE t.id=ci.movie_id AND t.id=mk.movie_id AND t.kind_id=1 AND t.production_year>1994 AND ci.person_id<608748 AND ci.role_id>10;167530
SELECT COUNT(*) FROM movie_companies mc WHERE mc.company_id<116570;3955582
SELECT COUNT(*) FROM title t,movie_info_idx mi_idx WHERE t.id=mi_idx.movie_id AND t.kind_id=7 AND t.production_year=1997 AND mi_idx.info_type_id=99;5043
SELECT COUNT(*) FROM title t,movie_info_idx mi_idx,movie_keyword mk WHERE t.id=mi_idx.movie_id AND t.id=mk.movie_id AND t.kind_id=4 AND t.production_year>0 AND mk.keyword_id<43960;7357589
SELECT COUNT(*) FROM title t,cast_info ci,movie_keyword mk WHERE t.id=ci.movie_id AND t.id=mk.movie_id AND t.kind_id=7 AND t.production_year=2012 AND ci.person_id<2764953;1563541
SELECT COUNT(*) FROM title t,movie_info mi,movie_keyword mk WHERE t.id=mi.movie_id AND t.id=mk.movie_id AND mk.keyword_id=11342;7662
SELECT COUNT(*) FROM title t,cast_info ci,movie_keyword mk WHERE t.id=ci.movie_id AND t.id=mk.movie_id AND t.production_year=2008 AND mk.keyword_id=8807;178
SELECT COUNT(*) FROM title t,movie_companies mc,cast_info ci WHERE t.id=mc.movie_id AND t.id=ci.movie_id AND t.kind_id<7 AND t.production_year>2007 AND ci.person_id>1690974 AND ci.role_id>3;12193025
SELECT COUNT(*) FROM title t,cast_info ci,movie_keyword mk WHERE t.id=ci.movie_id AND t.id=mk.movie_id AND mk.keyword_id<5887;160304276
SELECT COUNT(*) FROM cast_info ci WHERE ci.person_id=1250936;1
SELECT COUNT(*) FROM title t,movie_keyword mk WHERE t.id=mk.movie_id AND mk.keyword_id<14222;4853355
SELECT COUNT(*) FROM title t,movie_info mi,movie_info_idx mi_idx WHERE t.id=mi.movie_id AND t.id=mi_idx.movie_id AND t.kind_id<7 AND t.production_year<1995;116303741
SELECT COUNT(*) FROM title t,movie_keyword mk WHERE t.id=mk.movie_id AND t.kind_id=7 AND t.production_year>2009 AND mk.keyword_id=434;9
SELECT COUNT(*) FROM title t,movie_info_idx mi_idx,movie_keyword mk WHERE t.id=mi_idx.movie_id AND t.id=mk.movie_id AND t.kind_id=7 AND t.production_year>1917 AND mi_idx.info_type_id=99;1009023
SELECT COUNT(*) FROM title t,cast_info ci,movie_keyword mk WHERE t.id=ci.movie_id AND t.id=mk.movie_id AND ci.person_id<2863528 AND ci.role_id<3 AND mk.keyword_id=491;10974
SELECT COUNT(*) FROM movie_companies mc WHERE mc.company_id=3166 AND mc.company_type_id<2;8
SELECT COUNT(*) FROM title t,movie_info mi,movie_keyword mk WHERE t.id=mi.movie_id AND t.id=mk.movie_id AND t.kind_id=1 AND t.production_year=2006 AND mk.keyword_id<3323;4418064
SELECT COUNT(*) FROM title t,cast_info ci,movie_keyword mk WHERE t.id=ci.movie_id AND t.id=mk.movie_id AND t.kind_id=7 AND ci.person_id<3109102;32164632
SELECT COUNT(*) FROM movie_keyword mk WHERE mk.keyword_id=3190;43
SELECT COUNT(*) FROM movie_keyword mk WHERE mk.keyword_id>10607;3082069
SELECT COUNT(*) FROM title t,movie_info mi WHERE t.id=mi.movie_id AND t.kind_id=2 AND mi.info_type_id>7;909898
SELECT COUNT(*) FROM title t,movie_info_idx mi_idx,movie_keyword mk WHERE t.id=mi_idx.movie_id AND t.id=mk.movie_id AND mk.keyword_id>21378;33606375
SELECT COUNT(*) FROM title t,cast_info ci WHERE t.id=ci.movie_id AND ci.person_id>716632 AND ci.role_id<10;46509069
SELECT COUNT(*) FROM cast_info ci WHERE ci.person_id=180325 AND ci.role_id<2;1
SELECT COUNT(*) FROM cast_info ci WHERE ci.person_id>3912451;20741115
SELECT COUNT(*) FROM movie_companies mc WHERE mc.company_id>2849 AND mc.company_type_id>1;2326313
SELECT COUNT(*) FROM title t,movie_info mi,movie_info_idx mi_idx WHERE t.id=mi.movie_id AND t.id=mi_idx.movie_id AND t.kind_id<7 AND t.production_year=1956;1117160
SELECT COUNT(*) FROM movie_companies mc WHERE mc.company_id<11790 AND mc.company_type_id=2;911754
SELECT COUNT(*) FROM title t,cast_info ci,movie_info_idx mi_idx WHERE t.id=ci.movie_id AND t.id=mi_idx.movie_id AND ci.role_id<10 AND mi_idx.info_type_id>99;87780046
SELECT COUNT(*) FROM title t,cast_info ci WHERE t.id=ci.movie_id AND t.production_year>1987 AND ci.person_id>4046923;16312205
SELECT COUNT(*) FROM title t,movie_info mi WHERE t.id=mi.movie_id AND t.kind_id<7 AND t.production_year<1992 AND mi.info_type_id<16;4170167
SELECT COUNT(*) FROM title t,movie_companies mc WHERE t.id=mc.movie_id AND mc.company_id=89600;1
SELECT COUNT(*) FROM title t,movie_companies mc,movie_keyword mk WHERE t.id=mc.movie_id AND t.id=mk.movie_id AND t.kind_id<7 AND t.production_year>1984 AND mc.company_id<14715;21555613
SELECT COUNT(*) FROM movie_keyword mk WHERE mk.keyword_id>23021;1908635
SELECT COUNT(*) FROM title t,movie_info_idx mi_idx WHERE t.id=mi_idx.movie_id AND t.kind_id>3 AND t.production_year<2011 AND mi_idx.info_type_id<100;5545796
SELECT COUNT(*) FROM title t,movie_info mi,movie_info_idx mi_idx WHERE t.id=mi.movie_id AND t.id=mi_idx.movie_id AND t.kind_id>1 AND t.production_year>1969 AND mi_idx.info_type_id<101;94087940
SELECT COUNT(*) FROM title t,movie_companies mc,cast_info ci WHERE t.id=mc.movie_id AND t.id=ci.movie_id AND t.production_year>2003 AND mc.company_id<258 AND mc.company_type_id<2 AND ci.person_id>2716426 AND ci.role_id=3;578054
SELECT COUNT(*) FROM title t,movie_keyword mk WHERE t.id=mk.movie_id AND t.kind_id>4 AND t.production_year<2015 AND mk.keyword_id>3305;1021934
SELECT COUNT(*) FROM title t,movie_info mi WHERE t.id=mi.movie_id AND t.production_year=2011 AND mi.info_type_id>94;237748
SELECT COUNT(*) FROM cast_info ci WHERE ci.person_id>1008731 AND ci.role_id<9;42370228
SELECT COUNT(*) FROM movie_keyword mk WHERE mk.keyword_id=4794;137
SELECT COUNT(*) FROM title t,movie_companies mc WHERE t.id=mc.movie_id AND t.kind_id<7 AND mc.company_id<92989 AND mc.company_type_id>1;731764
SELECT COUNT(*) FROM title t,cast_info ci,movie_info mi WHERE t.id=ci.movie_id AND t.id=mi.movie_id AND ci.person_id=331539 AND mi.info_type_id=3;1
SELECT COUNT(*) FROM title t,movie_info_idx mi_idx,movie_keyword mk WHERE t.id=mi_idx.movie_id AND t.id=mk.movie_id AND mk.keyword_id=17222;8480
SELECT COUNT(*) FROM title t,movie_companies mc,movie_keyword mk WHERE t.id=mc.movie_id AND t.id=mk.movie_id AND t.kind_id<7 AND t.production_year>1996 AND mc.company_id=58476 AND mc.company_type_id=1;10
SELECT COUNT(*) FROM cast_info ci WHERE ci.person_id>766713 AND ci.role_id>10;518863
SELECT COUNT(*) FROM title t,cast_info ci,movie_info_idx mi_idx WHERE t.id=ci.movie_id AND t.id=mi_idx.movie_id AND t.production_year>2012 AND ci.role_id>1 AND mi_idx.info_type_id<100;59061828
SELECT COUNT(*) FROM title t,movie_companies mc,movie_info_idx mi_idx WHERE t.id=mc.movie_id AND t.id=mi_idx.movie_id AND t.kind_id=7 AND t.production_year=1992 AND mi_idx.info_type_id>100;25041
SELECT COUNT(*) FROM title t,cast_info ci,movie_info mi WHERE t.id=ci.movie_id AND t.id=mi.movie_id AND t.kind_id<7 AND ci.person_id>3087670 AND ci.role_id>1 AND mi.info_type_id<16;139764337
SELECT COUNT(*) FROM title t,movie_companies mc,cast_info ci WHERE t.id=mc.movie_id AND t.id=ci.movie_id AND t.production_year<1972 AND mc.company_id<71555 AND mc.company_type_id=2 AND ci.role_id>2;1081841
SELECT COUNT(*) FROM title t,movie_companies mc WHERE t.id=mc.movie_id AND t.kind_id=3 AND t.production_year=2001 AND mc.company_type_id=1;3009
SELECT COUNT(*) FROM movie_keyword mk WHERE mk.keyword_id=4450;171
SELECT COUNT(*) FROM title t,movie_companies mc WHERE t.id=mc.movie_id AND mc.company_id<82208;3536573
SELECT COUNT(*) FROM title t,movie_info mi,movie_info_idx mi_idx WHERE t.id=mi.movie_id AND t.id=mi_idx.movie_id AND t.kind_id=7 AND t.production_year=1996 AND mi_idx.info_type_id>99;275833
SELECT COUNT(*) FROM movie_companies mc WHERE mc.company_id>95736;1306002
SELECT COUNT(*) FROM title t,cast_info ci,movie_info mi WHERE t.id=ci.movie_id AND t.id=mi.movie_id AND t.kind_id>2 AND t.production_year=2002 AND mi.info_type_id>2;7003226
SELECT COUNT(*) FROM title t,movie_keyword mk WHERE t.id=mk.movie_id AND mk.keyword_id>27953;1648936
SELECT COUNT(*) FROM title t,movie_info mi,movie_keyword mk WHERE t.id=mi.movie_id AND t.id=mk.movie_id AND t.kind_id=7 AND mk.keyword_id=7935;9
SELECT COUNT(*) FROM title t,movie_info mi,movie_info_idx mi_idx WHERE t.id=mi.movie_id AND t.id=mi_idx.movie_id AND t.kind_id=1 AND t.production_year<2005 AND mi.info_type_id<4 AND mi_idx.info_type_id>99;3051912
SELECT COUNT(*) FROM title t,movie_companies mc,movie_info_idx mi_idx WHERE t.id=mc.movie_id AND t.id=mi_idx.movie_id AND t.production_year=2009 AND mi_idx.info_type_id<101;1429351
SELECT COUNT(*) FROM title t,cast_info ci,movie_info_idx mi_idx WHERE t.id=ci.movie_id AND t.id=mi_idx.movie_id AND ci.person_id<2895384;247000257
SELECT COUNT(*) FROM title t,cast_info ci,movie_info mi WHERE t.id=ci.movie_id AND t.id=mi.movie_id AND t.kind_id<7 AND t.production_year>1984 AND ci.person_id<724105 AND ci.role_id>3;17049529
SELECT COUNT(*) FROM title t,movie_keyword mk WHERE t.id=mk.movie_id AND t.production_year<2011 AND mk.keyword_id>1002;4774893
SELECT COUNT(*) FROM title t,movie_keyword mk WHERE t.id=mk.movie_id AND t.kind_id>4 AND mk.keyword_id=1;2927
SELECT COUNT(*) FROM title t,movie_info_idx mi_idx,movie_keyword mk WHERE t.id=mi_idx.movie_id AND t.id=mk.movie_id AND t.kind_id<6 AND mk.keyword_id>5899;59399410
SELECT COUNT(*) FROM title t,cast_info ci,movie_info mi WHERE t.id=ci.movie_id AND t.id=mi.movie_id AND t.kind_id=1 AND t.production_year>2007 AND ci.person_id>486025 AND mi.info_type_id>15;100853973
SELECT COUNT(*) FROM title t,cast_info ci,movie_keyword mk WHERE t.id=ci.movie_id AND t.id=mk.movie_id AND t.kind_id<3 AND ci.person_id<1992934 AND ci.role_id<5;83507586
SELECT COUNT(*) FROM title t,cast_info ci,movie_info_idx mi_idx WHERE t.id=ci.movie_id AND t.id=mi_idx.movie_id AND t.kind_id=7 AND t.production_year=2011 AND ci.role_id>2 AND mi_idx.info_type_id>99;1390716
SELECT COUNT(*) FROM title t,cast_info ci WHERE t.id=ci.movie_id AND t.production_year>2009 AND ci.person_id<2835223 AND ci.role_id<3;7800151
SELECT COUNT(*) FROM cast_info ci WHERE ci.person_id<3826477 AND ci.role_id=1;20490752
SELECT COUNT(*) FROM title t,movie_companies mc,movie_keyword mk WHERE t.id=mc.movie_id AND t.id=mk.movie_id AND t.kind_id=7 AND t.production_year=2010;296094
SELECT COUNT(*) FROM cast_info ci WHERE ci.person_id<860412 AND ci.role_id>4;1476242
SELECT COUNT(*) FROM movie_keyword mk WHERE mk.keyword_id=37458;4
SELECT COUNT(*) FROM title t WHERE t.kind_id>1 AND t.production_year<1976;284499
SELECT COUNT(*) FROM title t,movie_companies mc WHERE t.id=mc.movie_id AND t.kind_id<7 AND mc.company_id<1098 AND mc.company_type_id=1;291423
SELECT COUNT(*) FROM movie_companies mc WHERE mc.company_id=10354;1
SELECT COUNT(*) FROM movie_keyword mk WHERE mk.keyword_id=2999;52
SELECT COUNT(*) FROM movie_keyword mk WHERE mk.keyword_id>11403;2965617
SELECT COUNT(*) FROM cast_info ci WHERE ci.person_id>911160 AND ci.role_id>8;9618178
SELECT COUNT(*) FROM title t,movie_companies mc,movie_info_idx mi_idx WHERE t.id=mc.movie_id AND t.id=mi_idx.movie_id AND t.kind_id=7 AND t.production_year>1995 AND mc.company_id<391 AND mc.company_type_id>1;534510
SELECT COUNT(*) FROM title t,cast_info ci,movie_info_idx mi_idx WHERE t.id=ci.movie_id AND t.id=mi_idx.movie_id AND t.production_year=2006 AND ci.person_id>2132675 AND ci.role_id<10;6934345
SELECT COUNT(*) FROM title t,movie_info mi WHERE t.id=mi.movie_id AND t.kind_id<7 AND t.production_year=1916 AND mi.info_type_id<3;7696
SELECT COUNT(*) FROM title t,cast_info ci,movie_info mi WHERE t.id=ci.movie_id AND t.id=mi.movie_id AND t.kind_id<3 AND t.production_year>1925 AND ci.role_id<3 AND mi.info_type_id=16;39641900
SELECT COUNT(*) FROM title t,movie_keyword mk WHERE t.id=mk.movie_id AND t.production_year=2010 AND mk.keyword_id=667;12
SELECT COUNT(*) FROM title t,movie_info mi,movie_keyword mk WHERE t.id=mi.movie_id AND t.id=mk.movie_id AND mk.keyword_id<5972;199247613
